Packet number,Gyroscope X (deg/s),Gyroscope Y (deg/s),Gyroscope Z (deg/s),Accelerometer X (g),Accelerometer Y (g),Accelerometer Z (g),Magnetometer X (G),Magnetometer Y (G),Magnetometer Z (G)
0,0.75,1.8125,-1.25,0.5859375,0.8325195,-0.01318359,-0.1831055,-0.2919922,-0.1386719
4,2.1875,5.125,-2.0625,0.5708008,0.824707,-0.009277344,-0.1816406,-0.2919922,-0.1386719
8,2.4375,5.8125,-1.8125,0.559082,0.8364258,-0.01318359,-0.1816406,-0.2905273,-0.1386719
12,1.6875,3.6875,-0.5625,0.5356445,0.8442383,-0.005371094,-0.1806641,-0.2919922,-0.1357422
16,0.875,-0.125,0.75,0.527832,0.8442383,-0.02050781,-0.1806641,-0.2919922,-0.137207
20,0.0625,-3.125,1.4375,0.543457,0.8481445,-0.01660156,-0.1806641,-0.2905273,-0.137207
24,-0.375,-2.5,0.9375,0.5629883,0.8632813,-0.001464844,-0.1806641,-0.2919922,-0.137207
28,-1.0625,-0.375,0.75,0.5708008,0.8520508,-0.009277344,-0.1816406,-0.2919922,-0.137207
32,-0.6875,0.0625,0.5625,0.559082,0.8364258,-0.01318359,-0.1816406,-0.2905273,-0.137207
36,-0.4375,-1.5,1.5,0.5395508,0.8364258,-0.02832031,-0.1816406,-0.2919922,-0.137207
40,0,-2.625,1.625,0.5551758,0.8442383,-0.009277344,-0.1816406,-0.2919922,-0.137207
44,-0.5,-1.3125,0.5,0.5512695,0.8442383,-0.01318359,-0.1816406,-0.2919922,-0.137207
48,-0.6875,-1.4375,1.125,0.5395508,0.8364258,-0.02441406,-0.1806641,-0.2919922,-0.137207
52,-1.0625,-5.6875,2.125,0.5126953,0.8364258,-0.03222656,-0.1816406,-0.2919922,-0.137207
56,-1.4375,-7.5625,1.25,0.5473633,0.8481445,-0.02832031,-0.1816406,-0.2905273,-0.137207
60,-2.6875,-8.75,0.5625,0.5551758,0.8325195,-0.03613281,-0.184082,-0.2919922,-0.137207
64,-3.25,-11.0625,0.375,0.5708008,0.8481445,-0.04003906,-0.1831055,-0.2895508,-0.1357422
68,-8.25,-20,1.75,0.5820313,0.9023438,-0.04003906,-0.1816406,-0.2895508,-0.1357422
72,-17.625,-34.8125,1.625,0.7060547,0.9414063,-0.009277344,-0.184082,-0.2895508,-0.1347656
77,-31.25,-46.75,2.4375,0.9077148,0.972168,0.08642578,-0.1855469,-0.2895508,-0.1333008
81,-45,-66.125,15.9375,1.101563,0.9375,0.1367188,-0.1865234,-0.2866211,-0.1333008
85,-60.375,-82.375,44.375,1.388184,0.90625,0.1904297,-0.1914063,-0.2841797,-0.1303711
89,-69.5625,-81.375,93.4375,1.663574,0.8168945,0.2060547,-0.1938477,-0.2817383,-0.1347656
93,-73.125,-61.125,142.75,1.791016,0.8012695,0.1943359,-0.2055664,-0.2719727,-0.1318359
97,-74.75,-30,168.9375,1.775879,0.8632813,0.2133789,-0.2163086,-0.2568359,-0.1333008
101,-86.375,-6.0625,178.6875,1.702148,1.019043,0.2172852,-0.2255859,-0.2480469,-0.1357422
105,-98.25,2.25,196.875,1.535645,0.9375,0.1557617,-0.2353516,-0.2319336,-0.1416016
109,-97.9375,-12.9375,227.8125,1.407715,0.8364258,0.1171875,-0.2470703,-0.2104492,-0.1455078
113,-88.5625,-23.75,252.1875,1.516113,0.8286133,0.1674805,-0.2543945,-0.1967773,-0.1469727
117,-85.9375,-10.9375,254.0625,1.644043,1.034668,0.2944336,-0.2651367,-0.1704102,-0.1494141
121,-105.875,29.1875,243.9375,1.818359,1.341309,0.3828125,-0.2734375,-0.1469727,-0.1523438
125,-135.375,70.5,246.9375,1.624512,1.088867,0.2094727,-0.2744141,-0.1293945,-0.1577148
129,-115.5625,67.9375,273.5,1.314453,0.5722656,0.09814453,-0.2792969,-0.1030273,-0.1630859
133,-72.4375,40.125,305.125,1.29541,0.5913086,0.1171875,-0.2792969,-0.07324219,-0.168457
137,-65.75,35.5625,314.125,1.42334,1.049805,0.1943359,-0.2807617,-0.05175781,-0.1713867
141,-77.4375,54.5,294.25,1.442383,0.9838867,0.2290039,-0.2783203,-0.02197266,-0.1738281
145,-75.5,69.4375,274.4375,1.361328,0.793457,0.1635742,-0.2724609,0.004882813,-0.1767578
149,-68.4375,62.9375,263.5625,1.299316,0.6772461,0.1210938,-0.2675781,0.02246094,-0.1806641
153,-55.5625,41.75,295.3125,1.361328,0.6147461,0.1367188,-0.2578125,0.04736328,-0.1821289
157,-61.1875,19.625,333.25,1.43457,0.6381836,0.1171875,-0.2485352,0.07519531,-0.1821289
161,-50.75,28.5625,351.875,1.508301,0.4829102,0.07128906,-0.2402344,0.09521484,-0.1821289
165,-36.1875,65.375,348.125,1.523926,0.5952148,0.07910156,-0.2236328,0.1210938,-0.1835938
169,-36.4375,117.875,332.1875,1.454102,0.5371094,-0.009277344,-0.2006836,0.1459961,-0.1865234
173,-33.375,135.5625,337.375,0.9389648,0.4360352,-0.109375,-0.1855469,0.1601563,-0.1904297
177,-30.4375,108.5,359.9375,0.5473633,0.6303711,-0.04003906,-0.1567383,0.1801758,-0.1943359
181,-53.1875,77.125,356,0.5048828,0.6381836,-0.009277344,-0.128418,0.1987305,-0.1987305
185,-63.6875,81,347.8125,0.6054688,0.3466797,-0.05908203,-0.1103516,0.2099609,-0.1972656
189,-50.0625,101.9375,326.5625,0.6401367,0.2885742,-0.02441406,-0.078125,0.2226563,-0.1958008
193,-46.5,127.875,312.5,0.1557617,0.2768555,-0.1015625,-0.04589844,0.2314453,-0.1958008
197,-48.9375,88.1875,309.3125,-0.4555664,0.140625,-0.1401367,-0.02685547,0.2324219,-0.1918945
201,-37.6875,29.1875,306.8125,-0.715332,0.004882813,-0.1362305,0.004394531,0.2348633,-0.1889648
206,-28.9375,10.75,264.0625,-0.5683594,0.1176758,-0.02441406,0.03076172,0.2348633,-0.1875
210,-32.375,44.0625,194.9375,-0.5332031,0.09033203,-0.04394531,0.04492188,0.2363281,-0.1865234
214,-25.625,66.9375,157.125,-0.9790039,-0.1850586,-0.1054688,0.06298828,0.2324219,-0.1835938
218,-14.9375,31.9375,138.3125,-1.335449,-0.2626953,-0.09375,0.07861328,0.2299805,-0.1796875
222,-6.125,8.75,98.5625,-1.351074,-0.3095703,-0.07861328,0.08544922,0.2285156,-0.1796875
226,7.125,0.9375,51.3125,-1.195801,-0.4067383,-0.04003906,0.09375,0.2275391,-0.1806641
230,8.9375,5.75,-4.625,-1.095215,-0.2626953,0.05957031,0.09619141,0.2250977,-0.1796875
234,1.75,0.5625,-48.375,-1.219238,-0.3833008,0.06738281,0.09521484,0.2260742,-0.1821289
238,4.8125,-28.3125,-80.875,-1.172852,-0.4765625,0.08642578,0.09130859,0.2275391,-0.1796875
242,8,-52.75,-97.625,-0.8354492,-0.5541992,0.05566406,0.07958984,0.2285156,-0.1821289
246,23.3125,-40.5625,-111.5,-0.3935547,-0.6396484,0.04052734,0.07373047,0.2314453,-0.1821289
250,35.75,-5.25,-136.0625,-0.246582,-0.4921875,0.09423828,0.06298828,0.2324219,-0.1904297
254,30.6875,5.75,-162.125,-0.4907227,-0.4335938,0.08251953,0.05224609,0.2338867,-0.1904297
258,29,-36.1875,-174.8125,-0.6650391,-0.484375,0.09423828,0.0390625,0.2348633,-0.1918945
262,27.9375,-87.875,-178.0625,-0.3203125,-0.453125,0.09033203,0.0234375,0.2348633,-0.1943359
266,31.75,-100.6875,-164.5,0.2724609,-0.5385742,0.07910156,0.004394531,0.2324219,-0.1943359
270,55.1875,-50.4375,-168.8125,0.7412109,-0.3989258,0.2060547,-0.009277344,0.2299805,-0.1972656
274,48.25,35.9375,-219.0625,0.5551758,-0.1772461,0.1982422,-0.02587891,0.2275391,-0.2011719
278,48.375,51.875,-253.4375,0.008789063,-0.3442383,0.2021484,-0.04003906,0.2236328,-0.2041016
282,56.875,7.6875,-254.5,-0.06054688,-0.3173828,0.1289063,-0.05322266,0.21875,-0.206543
286,57.875,-47.5,-229.875,0.02050781,-0.2163086,0.1367188,-0.07226563,0.2099609,-0.2109375
290,46.5,-84.8125,-227.875,0.3613281,0.140625,0.2788086,-0.09228516,0.2001953,-0.2119141
294,24.75,-61.375,-267.125,0.7021484,0.3041992,0.3173828,-0.1079102,0.1948242,-0.2133789
298,12.5625,-34.9375,-303.8125,0.8071289,-0.04541016,0.2250977,-0.1293945,0.1850586,-0.2094727
302,43.9375,-27.4375,-281.6875,0.7333984,-0.3989258,0.140625,-0.1494141,0.1699219,-0.2109375
306,79.375,-46.125,-245.3125,0.7836914,-0.2509766,0.1367188,-0.1616211,0.1586914,-0.2133789
310,75.8125,-45.6875,-221.75,0.9580078,0.6303711,0.3710938,-0.1772461,0.1401367,-0.2148438
314,20,-17.0625,-278.4375,1.047363,0.7431641,0.340332,-0.1923828,0.1235352,-0.2163086
318,22.1875,-7.4375,-314.3125,0.6948242,-0.02978516,0.2094727,-0.199707,0.1113281,-0.2148438
322,68.9375,-35.6875,-319.3125,0.7060547,-0.04150391,0.1713867,-0.2138672,0.09130859,-0.2177734
326,93.125,-45,-298.0625,0.7915039,0.2416992,0.1518555,-0.2270508,0.06396484,-0.2163086
330,93.375,-44.75,-274.875,0.8496094,0.7431641,0.2597656,-0.234375,0.04736328,-0.2163086
335,58.75,-22.25,-288.8125,1.039551,1.306641,0.4790039,-0.2426758,0.02148438,-0.2163086
339,28.1875,-8.375,-326.3125,0.6982422,0.8168945,0.2788086,-0.2460938,-0.003417969,-0.2177734
343,66.375,-34,-335.9375,0.574707,0.5683594,0.2329102,-0.2485352,-0.02441406,-0.2163086
347,96.125,-53.3125,-330.0625,0.7138672,0.8325195,0.1748047,-0.2519531,-0.05712891,-0.2119141
351,113.6875,-52.125,-316.375,0.7993164,1.333496,0.2983398,-0.253418,-0.08691406,-0.2094727
355,73.9375,-23,-329.375,1.066406,2.013672,0.4365234,-0.2519531,-0.1069336,-0.206543
359,38.0625,15.5625,-349.4375,0.9350586,1.555176,0.3520508,-0.2426758,-0.1367188,-0.2041016
363,74,26.75,-357.5625,0.8071289,1.345215,0.2788086,-0.2319336,-0.1669922,-0.2055664
367,100.8125,6.3125,-351.9375,0.6713867,1.559082,0.1982422,-0.2236328,-0.1845703,-0.2041016
371,125.0625,-36.625,-334.125,0.7021484,1.706543,0.1943359,-0.2080078,-0.2158203,-0.2011719
375,125.3125,-57.8125,-352.9375,1.059082,2.285645,0.3330078,-0.1923828,-0.2441406,-0.1904297
379,76.75,-78.25,-362.9375,1.155762,2.351563,0.340332,-0.1782227,-0.2607422,-0.1835938
383,32.1875,-147.375,-289.5,1.159668,2.017578,0.2905273,-0.1601563,-0.2841797,-0.1738281
387,5.75,-222.5,-162.5625,1.5625,1.485352,0.140625,-0.1542969,-0.296875,-0.1660156
391,4.6875,-221.0625,-62.4375,1.96582,1.100586,-0.001464844,-0.1533203,-0.3032227,-0.1577148
395,20.1875,-139.3125,-36.125,2.140137,0.9335938,0.005859375,-0.1567383,-0.3041992,-0.144043
399,29.8125,-43.0625,-40.375,1.802734,0.9101563,0.01367188,-0.1601563,-0.3081055,-0.1401367
403,26.25,15.6875,-32.25,1.349609,0.9335938,0.005859375,-0.1567383,-0.3105469,-0.1357422
407,19.0625,27.75,-18.25,0.9462891,0.8286133,0.02880859,-0.1533203,-0.3129883,-0.1357422
411,14,8.875,-7.25,0.690918,0.8364258,0.03271484,-0.1518555,-0.3144531,-0.1347656
415,7.3125,-25.3125,2.25,0.7373047,0.777832,0.04785156,-0.1533203,-0.3144531,-0.1333008
419,5.25,-45.5,9.3125,0.9658203,0.8129883,0.06347656,-0.1542969,-0.3154297,-0.1333008
423,3.75,-32.4375,11,1.26416,0.8828125,0.125,-0.1582031,-0.3144531,-0.1303711
427,-7.875,-5.9375,18.5,1.384277,0.9257813,0.1289063,-0.1567383,-0.3144531,-0.1279297
431,-8.625,8.25,39.9375,1.411621,0.8632813,0.125,-0.1601563,-0.3120117,-0.1303711
435,-8.1875,10.9375,70.6875,1.446289,0.9492188,0.1210938,-0.1640625,-0.3095703,-0.1303711
439,-6.75,12.75,104.25,1.52002,1.01123,0.140625,-0.1665039,-0.3041992,-0.1303711
443,-5.4375,17.5625,132.75,1.601563,1.135742,0.1210938,-0.1772461,-0.2993164,-0.1333008
447,-6.25,22.6875,159.25,1.647949,1.302734,0.1748047,-0.184082,-0.2919922,-0.1347656
451,-9.875,29.6875,195.4375,1.736816,1.372559,0.2021484,-0.1914063,-0.2841797,-0.1357422
455,-13.125,31.5625,237.8125,1.647949,1.461914,0.1674805,-0.2045898,-0.2695313,-0.1357422
459,-12.8125,29.625,280,1.504395,1.500488,0.1098633,-0.2211914,-0.2495117,-0.1416016
464,-13.875,20.625,310.375,1.407715,1.609375,0.1518555,-0.2280273,-0.2368164,-0.1401367
468,-30.0625,39.0625,306.6875,1.415527,1.776367,0.1289063,-0.2436523,-0.2128906,-0.144043
472,-36.375,60.6875,296.5625,1.419434,1.555176,0.1518555,-0.2553711,-0.1855469,-0.1508789
476,-39.875,68.75,302.75,1.175293,1.512207,0.06347656,-0.2626953,-0.171875,-0.1547852
480,-35,46.375,316.3125,1.124512,1.279297,0.08251953,-0.2685547,-0.1455078,-0.1577148
484,-22.375,34.5,328.8125,1.151855,1.20166,0.04785156,-0.2758789,-0.1142578,-0.1630859
488,-19.5625,38.3125,324.8125,1.241211,1.314453,0.1367188,-0.2783203,-0.09423828,-0.1645508
492,-35.6875,45.875,326.5,1.128418,1.376465,0.1479492,-0.2807617,-0.06689453,-0.168457
496,-49.375,62.1875,319.625,1.256348,1.057617,0.1098633,-0.2783203,-0.03564453,-0.1728516
500,-27.5625,92.3125,323.9375,1.333984,0.7041016,0.05175781,-0.2783203,-0.01708984,-0.1782227
504,-3.1875,118.875,347.9375,1.260254,0.8051758,0.06738281,-0.2685547,0.01269531,-0.1850586
508,-12.9375,129.5625,366.25,0.9541016,1.108398,0.09814453,-0.2543945,0.03857422,-0.1943359
512,-38.5625,126.875,360.5625,0.6791992,1.100586,0.09814453,-0.2426758,0.06005859,-0.199707
516,-52.375,111.125,325.75,0.5820313,0.8789063,0.09423828,-0.2270508,0.08886719,-0.2094727
520,-50.875,90.6875,290.3125,0.5239258,0.5097656,0.05175781,-0.206543,0.1113281,-0.2109375
524,-34.0625,53.375,296.6875,0.6635742,0.2456055,0.1171875,-0.1948242,0.1235352,-0.2133789
528,-27.3125,44.3125,314.0625,0.9389648,0.4165039,0.1518555,-0.1772461,0.1450195,-0.2148438
532,-38.8125,73.75,323.1875,0.9736328,0.6733398,0.2021484,-0.1557617,0.1625977,-0.2163086
536,-64.5625,96.9375,299.3125,0.7641602,0.4946289,0.1674805,-0.1401367,0.1738281,-0.2177734
540,-60.6875,78.8125,289.125,0.2568359,0.1484375,0.06347656,-0.1152344,0.1884766,-0.21875
544,-38.1875,44.125,288.6875,0.4506836,-0.08398438,0.1479492,-0.09228516,0.2026367,-0.2177734
548,-26.75,59.4375,292.375,0.5395508,0.02832031,0.1210938,-0.07568359,0.2084961,-0.2148438
552,-24.125,100.75,269.625,0.3188477,0.1875,0.1210938,-0.04833984,0.2138672,-0.2148438
556,-40.25,110.8125,231.3125,-0.1499023,0.2573242,0.1328125,-0.02246094,0.2172852,-0.2148438
560,-61.25,77.8125,217.0625,-0.4594727,-0.01806641,0.08642578,-0.006835938,0.2211914,-0.2148438
564,-56.6875,40.5,214.9375,-0.5913086,-0.1538086,0.03662109,0.01269531,0.2236328,-0.2094727
568,-38,26.25,198,-0.6455078,-0.4414063,-0.06298828,0.03320313,0.2260742,-0.2055664
572,-18.3125,34.25,174.4375,-0.7929688,-0.3950195,-0.09765625,0.04492188,0.2260742,-0.2055664
576,-10.4375,49.1875,115.25,-1.013672,-0.2783203,-0.03613281,0.06054688,0.2226563,-0.199707
580,-19.6875,27.1875,63.25,-1.389648,-0.340332,-0.009277344,0.07128906,0.2211914,-0.199707
584,-23.625,-16.5,28.4375,-1.374023,-0.4492188,0.01367188,0.07373047,0.2226563,-0.1987305
588,-18.6875,-43.6875,-0.0625,-1.041016,-0.6513672,0.01708984,0.07373047,0.2211914,-0.1987305
593,1.5,-34.0625,-18.8125,-0.6611328,-0.7949219,0.001953125,0.06982422,0.2226563,-0.1987305
597,26.375,-1.9375,-41,-0.5253906,-0.7211914,0.05957031,0.06884766,0.2236328,-0.1987305
601,27.3125,26.125,-75.625,-0.6572266,-0.4492188,0.08251953,0.06640625,0.2226563,-0.199707
605,20.75,22.5,-110.75,-0.8818359,-0.4726563,0.09814453,0.05810547,0.2236328,-0.199707
609,19.125,-5.375,-140.4375,-0.8818359,-0.5229492,0.05957031,0.0546875,0.2236328,-0.2011719
613,27.8125,-35,-155.25,-0.6069336,-0.6005859,0.07128906,0.0390625,0.2250977,-0.2041016
617,44.5,-54.9375,-149.1875,-0.2890625,-0.6821289,0.03662109,0.02587891,0.2226563,-0.206543
621,72.5,-57.0625,-138.125,-0.01025391,-0.6708984,0.05566406,0.01660156,0.2236328,-0.2080078
625,86.25,-36.0625,-146.75,0.2451172,-0.07226563,0.2905273,0.0009765625,0.2197266,-0.2163086
629,39.5,-6.25,-179.5625,0.1948242,0.1445313,0.3134766,-0.01269531,0.2148438,-0.2202148
633,21.875,-20.5,-196.5,-0.06054688,-0.3793945,0.2402344,-0.02099609,0.2138672,-0.2216797
637,42.0625,-71.9375,-185.9375,-0.02197266,-0.5776367,0.1289063,-0.0390625,0.2114258,-0.2231445
641,60.8125,-125.75,-154.1875,0.2373047,-0.4570313,0.1518555,-0.05810547,0.2050781,-0.2255859
645,60.6875,-134.4375,-151.5,0.7680664,-0.02197266,0.3442383,-0.06982422,0.1987305,-0.2246094
649,30.1875,-75.6875,-194.75,1.229492,0.105957,0.4174805,-0.08886719,0.1923828,-0.2270508
653,30.6875,1.25,-239.4375,1.089844,-0.4414063,0.2675781,-0.1054688,0.1826172,-0.2255859
657,69.9375,32.25,-245.5,0.5512695,-0.519043,0.1479492,-0.1162109,0.1762695,-0.2285156
661,106.375,-9.25,-228.3125,-0.02197266,-0.5854492,0.03662109,-0.1303711,0.1601563,-0.2338867
665,134,-114.375,-189.4375,-0.3354492,-0.02978516,0.04785156,-0.1435547,0.1435547,-0.2392578
669,80.4375,-175.125,-217.8125,0.574707,0.8208008,0.4443359,-0.1582031,0.1323242,-0.237793
673,-1.75,-121.375,-290.875,1.089844,0.7197266,0.2368164,-0.1806641,0.1162109,-0.230957
677,16.5,-59.6875,-321.875,0.9155273,-0.2163086,0.140625,-0.199707,0.09765625,-0.2270508
681,80.125,-55.8125,-288.125,0.7993164,-0.2548828,0.02490234,-0.2089844,0.08251953,-0.2255859
685,116.25,-62.4375,-225.75,0.7719727,0.08251953,-0.01660156,-0.2211914,0.06103516,-0.2255859
689,96.4375,-74.25,-208.1875,1.031738,1.485352,0.5214844,-0.2294922,0.03759766,-0.2255859
693,-11.625,-21.1875,-281.375,1.299316,1.388184,0.2944336,-0.2353516,0.02490234,-0.2216797
697,7.25,5.125,-307.3125,1.147949,-0.006347656,0.2060547,-0.2412109,0.004882813,-0.2231445
701,98.3125,3.5,-269.8125,1.186523,-0.02587891,0.1518555,-0.2446289,-0.02050781,-0.2246094
705,140.5625,4.1875,-217.625,1.02002,0.3583984,0.06738281,-0.2436523,-0.03808594,-0.2246094
709,140.5,-9.75,-205,0.9155273,1.559082,0.4829102,-0.2436523,-0.06201172,-0.2255859
713,44.5625,-9,-264.375,1.078125,1.877441,0.4868164,-0.2412109,-0.08691406,-0.2246094
717,40.5,-21.125,-277,1.171387,0.6884766,0.4135742,-0.237793,-0.1005859,-0.2246094
722,88.25,-29,-245.5,1.314453,0.7895508,0.340332,-0.2329102,-0.1230469,-0.2202148
726,111.0625,-18.875,-221.8125,1.16748,0.809082,0.2441406,-0.2304688,-0.1455078,-0.2177734
730,146.5,-41.4375,-197.0625,0.7719727,0.7895508,0.04785156,-0.2255859,-0.1645508,-0.2133789
734,162.4375,-77.25,-194.0625,0.8110352,1.372559,0.09814453,-0.2197266,-0.1845703,-0.2041016
738,125.3125,-77.5625,-222.0625,1.059082,1.765137,0.1826172,-0.2163086,-0.2055664,-0.1928711
742,93.75,-68.125,-237.1875,1.179199,1.454102,0.2211914,-0.2114258,-0.2216797,-0.1865234
746,97.1875,-65.5625,-229.8125,1.140137,1.20166,0.159668,-0.203125,-0.2407227,-0.1782227
750,103.6875,-93.0625,-200.25,0.9697266,1.146973,0.04443359,-0.1948242,-0.2631836,-0.1645508
754,94.8125,-149.75,-160.25,0.9038086,1.333496,-0.001464844,-0.1875,-0.2719727,-0.1591797
758,57.4375,-183.5625,-149.1875,1.147949,1.605469,0.105957,-0.1865234,-0.2832031,-0.1425781
762,-0.75,-181.0625,-145.0625,1.372559,1.555176,0.1826172,-0.1816406,-0.2929688,-0.1289063
766,-38.5,-158.125,-103.75,1.458008,1.186035,0.06738281,-0.1791992,-0.2983398,-0.125
770,-41.625,-128.8125,-51.625,1.39209,0.7626953,-0.02441406,-0.1782227,-0.3032227,-0.1181641
774,-26,-94.5,-23.8125,1.252441,0.5952148,-0.1435547,-0.1791992,-0.3032227,-0.1166992
778,-3.0625,-60.5625,-26.9375,1.147949,0.5097656,-0.1860352,-0.1791992,-0.3017578,-0.1142578
782,25.625,-28.1875,-44.5,1.066406,0.5566406,-0.1435547,-0.1791992,-0.3066406,-0.1098633
786,33.875,-5.125,-51.5625,1.027832,0.7587891,-0.001464844,-0.1748047,-0.3095703,-0.105957
790,22.125,2.125,-45.5,0.9658203,0.9375,0.08251953,-0.1723633,-0.3105469,-0.1044922
794,3.0625,-4.4375,-30.25,0.9970703,0.9643555,0.1289063,-0.168457,-0.3144531,-0.1035156
798,-11.1875,-14.625,-5.5625,1.085938,0.956543,0.1171875,-0.1674805,-0.3154297,-0.1020508
802,-20.5625,-18.25,19.6875,1.244629,0.9023438,0.1210938,-0.1674805,-0.3154297,-0.1035156
806,-17.0625,-7.8125,39.6875,1.388184,0.8325195,0.08251953,-0.1708984,-0.3144531,-0.1035156
810,-4.8125,15.6875,51.875,1.446289,0.840332,0.07519531,-0.1733398,-0.3105469,-0.1044922
814,-3.875,37.1875,72.5625,1.438477,1.019043,0.1132813,-0.1772461,-0.3081055,-0.1035156
818,-15.0625,47.6875,94.8125,1.326172,1.189941,0.1713867,-0.1831055,-0.3041992,-0.1098633
822,-34.75,41.0625,115.8125,1.256348,1.317871,0.2094727,-0.1865234,-0.2993164,-0.112793
826,-56.3125,25.0625,147.5625,1.268066,1.302734,0.1826172,-0.1923828,-0.2895508,-0.1166992
830,-58.8125,11.1875,184.1875,1.430664,1.174316,0.1210938,-0.2021484,-0.2807617,-0.1210938
834,-46.625,27.375,208.9375,1.717773,1.182129,0.08251953,-0.2138672,-0.2641602,-0.1279297
838,-32.8125,79.6875,220.0625,1.961914,1.317871,0.06738281,-0.222168,-0.2529297,-0.1289063
842,-39.5625,142.4375,224.875,1.760254,1.625,0.005859375,-0.2329102,-0.234375,-0.1416016
846,-61.4375,157.875,236.4375,1.302734,1.59375,-0.05517578,-0.237793,-0.2167969,-0.1494141
851,-73.0625,136.5,249.8125,0.9892578,1.566895,-0.07470703,-0.2412109,-0.203125,-0.1616211
855,-79.625,94.125,260.5,0.9233398,1.442383,-0.03222656,-0.2446289,-0.1806641,-0.175293
859,-81.25,72,269.75,1.132324,1.438477,0.04443359,-0.2495117,-0.1582031,-0.1821289
863,-95.25,81.1875,267.5625,1.287598,1.399902,0.09033203,-0.2553711,-0.1396484,-0.1865234
867,-99.375,97.5,276.875,1.19043,1.124023,0.04052734,-0.2578125,-0.1118164,-0.1943359
871,-88.0625,99.25,293.6875,1.070313,0.9375,0.02880859,-0.2553711,-0.08447266,-0.2026367
875,-79.875,99.3125,301.25,0.9116211,0.972168,0.02099609,-0.2543945,-0.06689453,-0.2094727
879,-75.375,71.375,303.75,0.690918,0.8671875,0.01708984,-0.2509766,-0.03808594,-0.2148438
883,-72.9375,35.5,305.125,0.690918,0.8945313,0.07128906,-0.2436523,-0.01171875,-0.21875
887,-84.125,25.5625,306.4375,1.031738,0.7666016,0.1367188,-0.2426758,0.007324219,-0.2216797
891,-80.6875,67.9375,305.5,1.364746,0.6655273,0.1787109,-0.2363281,0.03759766,-0.2177734
895,-65.5625,129.3125,303.6875,1.271973,0.5136719,0.09033203,-0.222168,0.06103516,-0.2231445
899,-51.625,138.5,304.125,0.6948242,0.5683594,0.04443359,-0.2104492,0.07617188,-0.2324219
903,-56,89.625,307.8125,0.3188477,0.6845703,0.105957,-0.1899414,0.09863281,-0.2368164
907,-73.1875,31.4375,300.0625,0.4077148,0.5292969,0.1787109,-0.1733398,0.1201172,-0.2353516
911,-73,20.625,288.875,0.8691406,0.3388672,0.2329102,-0.1625977,0.1313477,-0.2324219
915,-78.9375,71.125,276.125,1.198242,0.3388672,0.2290039,-0.1450195,0.1513672,-0.230957
919,-76.75,115.3125,277.3125,0.8110352,0.105957,0.08642578,-0.1220703,0.1660156,-0.2324219
923,-59.1875,97.625,304.0625,0.4541016,0.01660156,0.05566406,-0.1069336,0.1772461,-0.230957
927,-49.25,77.1875,317.125,0.4541016,0.1293945,0.1171875,-0.07958984,0.1899414,-0.230957
931,-56,86.75,299.5,0.3808594,0.2416992,0.1289063,-0.05224609,0.2001953,-0.2285156
935,-66.75,90.125,274.4375,0.1132813,0.1254883,0.1132813,-0.03515625,0.2036133,-0.2270508
939,-68.6875,71.5,263.625,-0.09912109,-0.04882813,0.09814453,-0.01025391,0.2124023,-0.2231445
943,-64.375,58.8125,260.875,-0.1499023,-0.1113281,0.08642578,0.01416016,0.2138672,-0.2202148
947,-59.875,58.4375,249.1875,-0.2080078,-0.2241211,0.1098633,0.02978516,0.2172852,-0.2163086
951,-47.6875,60.75,226,-0.4248047,-0.3017578,0.08251953,0.05322266,0.2148438,-0.2133789
955,-42.9375,40.0625,214.1875,-0.7426758,-0.340332,0.04052734,0.07470703,0.2163086,-0.2094727
959,-40.75,22.5,195.375,-0.8125,-0.2509766,0.04443359,0.08691406,0.2114258,-0.2055664
963,-43.75,31.25,151,-0.9907227,-0.2431641,0.06347656,0.1035156,0.2075195,-0.2026367
967,-39.5,36.3125,110.3125,-1.347168,-0.387207,-0.07080078,0.1152344,0.2050781,-0.1987305
971,-22.5625,22.1875,54.4375,-1.618164,-0.5112305,-0.07080078,0.1201172,0.2036133,-0.1972656
975,-2.125,-9.0625,8.375,-1.672363,-0.5073242,-0.06689453,0.1235352,0.2036133,-0.1943359
980,12.875,-27.0625,-34.0625,-1.381836,-0.4067383,-0.005371094,0.1235352,0.2026367,-0.1958008
984,16.1875,-20.8125,-86.4375,-1.106934,-0.2939453,0.08251953,0.1201172,0.2036133,-0.1943359
988,14.875,-7.9375,-133.1875,-0.9169922,-0.340332,0.07519531,0.109375,0.2075195,-0.1987305
992,20.375,-4.9375,-163.6875,-0.8354492,-0.4257813,0.04443359,0.09960938,0.2114258,-0.1972656
996,32.1875,-15.25,-178.8125,-0.7695313,-0.46875,0.01367188,0.09033203,0.2138672,-0.1987305
1000,44.5,-41.75,-184.875,-0.7270508,-0.4453125,-0.005371094,0.07226563,0.2172852,-0.2041016
1004,49.375,-70,-201.25,-0.4790039,-0.1850586,0.1171875,0.05712891,0.21875,-0.2080078
1008,31.3125,-69.0625,-231,-0.02587891,-0.08789063,0.1787109,0.04248047,0.2197266,-0.2109375
1012,20.125,-57.0625,-244.8125,0.05517578,-0.2548828,0.1674805,0.02001953,0.2211914,-0.2119141
1016,30.125,-61.25,-246.5625,0.2216797,-0.3989258,0.1557617,-0.004394531,0.2197266,-0.2133789
1020,48.375,-59.1875,-230.5625,0.4233398,-0.4609375,0.1171875,-0.01611328,0.2172852,-0.2148438
1024,66.625,-36,-228,0.7216797,-0.2314453,0.2441406,-0.0390625,0.2138672,-0.21875
1028,51.125,-0.8125,-259.6875,0.8183594,0.09814453,0.4135742,-0.05810547,0.2075195,-0.2246094
1032,29.625,7.9375,-281.1875,0.609375,-0.1499023,0.3481445,-0.07128906,0.2001953,-0.2231445
1036,43.6875,-10.875,-276.5625,0.59375,-0.4101563,0.2636719,-0.09033203,0.1914063,-0.2270508
1040,63.5,-56.625,-244.8125,0.5898438,-0.3754883,0.2480469,-0.1103516,0.1801758,-0.2285156
1044,60.0625,-98.25,-211.4375,0.9462891,0.08251953,0.3979492,-0.1245117,0.1713867,-0.2285156
1048,31.25,-78.125,-202.875,1.543457,0.06689453,0.4829102,-0.1411133,0.1586914,-0.2255859
1052,20.6875,-9.8125,-212.3125,1.48877,-0.1420898,0.3637695,-0.1582031,0.1459961,-0.2285156
1056,41.625,9.9375,-210.75,0.9423828,-0.3442383,0.3056641,-0.1640625,0.1386719,-0.2255859
1060,56.125,-42.5,-202.125,0.4038086,-0.2084961,0.2402344,-0.1748047,0.1235352,-0.2285156
1064,62.625,-130.125,-174.5,0.4853516,-0.06445313,0.2060547,-0.1889648,0.1113281,-0.2270508
1068,34.75,-158.9375,-174.6875,1.055176,0.5683594,0.4213867,-0.1982422,0.1025391,-0.2231445
1072,-10.3125,-113.9375,-206.625,1.341797,0.3349609,0.340332,-0.215332,0.08886719,-0.2133789
1076,3.0625,-66,-222.8125,1.19043,-0.1577148,0.2329102,-0.2280273,0.07861328,-0.2094727
1080,35.125,-43.6875,-208.8125,1.02002,-0.1269531,0.1787109,-0.2363281,0.06738281,-0.2041016
1084,55.125,-48.0625,-180.625,0.7602539,-0.09570313,0.09423828,-0.2426758,0.04980469,-0.2041016
1088,81.875,-74.8125,-162.875,0.644043,0.1914063,0.09033203,-0.2485352,0.03369141,-0.2026367
1092,65.5625,-67.125,-181.9375,0.9775391,0.7353516,0.1787109,-0.2543945,0.02001953,-0.199707
1096,36.6875,-35.0625,-227,1.066406,0.8208008,0.2021484,-0.2602539,0.002441406,-0.1943359
1100,37.4375,-29.4375,-244.75,1.117188,0.5488281,0.1210938,-0.2626953,-0.01806641,-0.1958008
1104,51.125,-38.0625,-213.25,1.163574,0.4360352,0.1020508,-0.2675781,-0.03320313,-0.1918945
1109,69.5625,-44.9375,-171.25,1.132324,0.3349609,0.06347656,-0.2675781,-0.05322266,-0.1904297
1113,94.875,-39,-151.4375,1.070313,0.4946289,0.07128906,-0.2700195,-0.06933594,-0.1865234
1117,97.5625,-8.125,-170.1875,1.035645,0.8945313,0.1367188,-0.2700195,-0.08300781,-0.1850586
1121,75.75,23.5,-207.6875,0.8183594,0.9799805,0.125,-0.2661133,-0.1020508,-0.1835938
1125,78.125,18.1875,-228.1875,0.5161133,0.7548828,0.05175781,-0.2602539,-0.1245117,-0.1850586
1129,99.1875,-16.5,-232.8125,0.4428711,0.8129883,0.02490234,-0.2578125,-0.140625,-0.1835938
1133,115.8125,-45.75,-234,0.6557617,1.045898,0.07128906,-0.2495117,-0.1630859,-0.1767578
1137,121.1875,-52.5,-244.4375,0.9077148,1.376465,0.2060547,-0.2436523,-0.1879883,-0.1713867
1141,102.8125,-32.125,-270.125,1.132324,1.613281,0.2983398,-0.237793,-0.2045898,-0.1660156
1145,90.6875,-20.5625,-289.6875,1.039551,1.384277,0.2983398,-0.2255859,-0.2294922,-0.1591797
1149,94.9375,-49.625,-282.125,0.8959961,1.325684,0.1904297,-0.2128906,-0.2519531,-0.1538086
1153,99.5625,-104.1875,-254,0.9462891,1.263672,0.05566406,-0.2021484,-0.2670898,-0.1455078
1157,104,-154.25,-203,1.256348,1.189941,0.001953125,-0.1889648,-0.2866211,-0.1318359
1161,93.9375,-156.25,-147.5625,1.822266,1.426758,0.1826172,-0.1816406,-0.3007813,-0.1166992
1165,49.6875,-80.125,-106.3125,2.182617,1.543457,0.3330078,-0.1782227,-0.3066406,-0.1074219
1169,4.75,9.75,-70,1.907715,1.248047,0.2709961,-0.1723633,-0.3129883,-0.1005859
1173,-8.625,60.9375,-38.875,1.438477,0.8828125,0.08251953,-0.1665039,-0.3168945,-0.1035156
1177,-6,74.4375,-23.875,1.02002,0.6923828,-0.05126953,-0.1625977,-0.3168945,-0.105957
1181,2.1875,51.9375,-17.1875,0.7138672,0.6538086,-0.07080078,-0.1601563,-0.3178711,-0.1098633
1185,0.6875,-0.6875,-6.6875,0.6674805,0.840332,0.02880859,-0.1591797,-0.3193359,-0.1098633
1189,-18.5625,-46.8125,12.625,0.9580078,0.9916992,0.1289063,-0.1582031,-0.3208008,-0.1088867
1193,-39.9375,-60,31.9375,1.361328,0.9995117,0.1865234,-0.1616211,-0.3168945,-0.1088867
1197,-51.5,-37.375,50.8125,1.651855,0.8598633,0.1479492,-0.1650391,-0.3144531,-0.1113281
1201,-41.375,-2.3125,75.375,1.698242,0.7197266,0.06347656,-0.1708984,-0.3105469,-0.1098633
1205,-26.125,20.125,102.75,1.59375,0.8168945,0.02490234,-0.1757813,-0.3056641,-0.1142578
1209,-18.125,22.4375,134.125,1.477539,0.9956055,0.06347656,-0.184082,-0.2983398,-0.1166992
1213,-23.125,19,159.25,1.469727,1.263672,0.1674805,-0.1899414,-0.2905273,-0.1196289
1217,-43.3125,15.25,183.4375,1.411621,1.415039,0.1904297,-0.2021484,-0.2792969,-0.1225586
1221,-57.8125,5.9375,211.25,1.43457,1.291016,0.140625,-0.2138672,-0.265625,-0.1264648
1225,-52.25,15,230.25,1.640137,1.221191,0.09423828,-0.2211914,-0.2543945,-0.1279297
1229,-40.375,53.5,246.1875,1.791016,1.221191,0.06738281,-0.234375,-0.2358398,-0.1318359
1233,-36.75,87.25,255,1.574219,1.446289,-0.001464844,-0.2446289,-0.2143555,-0.1401367
1238,-46.75,87.75,265.3125,1.306641,1.535645,0.009765625,-0.2495117,-0.2006836,-0.1469727
1242,-66.1875,68.625,275.75,1.13623,1.566895,0.04052734,-0.2553711,-0.1782227,-0.1547852
1246,-73.5625,52.9375,283.75,1.182617,1.306641,0.05957031,-0.2661133,-0.1518555,-0.1616211
1250,-64.5,54.6875,298.75,1.194336,1.108398,0.05175781,-0.2685547,-0.1342773,-0.1645508
1254,-51.0625,59.25,304.3125,1.140137,1.108398,0.05175781,-0.2734375,-0.1044922,-0.1713867
1258,-45.5,67.3125,299.375,1.121094,1.186035,0.07519531,-0.2744141,-0.078125,-0.175293
1262,-68.5,74.1875,293.875,1.035645,1.368652,0.125,-0.2734375,-0.05957031,-0.1782227
1266,-108.4375,75.8125,289.9375,0.9541016,1.446289,0.1674805,-0.2709961,-0.02929688,-0.1835938
1270,-135,72.1875,289.5,0.8920898,0.9375,0.02880859,-0.2651367,-0.0004882813,-0.1875
1274,-107.625,51.9375,299.875,0.7490234,0.3857422,-0.1401367,-0.2617188,0.02001953,-0.1889648
1278,-59.9375,35.75,297.375,0.9389648,0.4594727,-0.05126953,-0.2519531,0.04882813,-0.1904297
1282,-51.1875,46.5625,293.5,1.22168,0.6069336,-0.01660156,-0.2436523,0.07373047,-0.1943359
1286,-51.4375,74.1875,286.125,1.179199,0.5527344,-0.04394531,-0.2319336,0.08984375,-0.1918945
1290,-54.6875,92.9375,281.5,1.16748,0.7392578,0.07128906,-0.21875,0.1137695,-0.1958008
1294,-84.75,103.6875,275.0625,0.9658203,0.6381836,0.001953125,-0.1982422,0.1347656,-0.1987305
1298,-65.3125,90.375,287.25,0.8300781,0.07470703,-0.05908203,-0.1865234,0.1489258,-0.199707
1302,-31.875,69.75,303.625,0.9389648,0.04736328,-0.02832031,-0.1650391,0.1650391,-0.2011719
1306,-22.375,79.875,325.875,1.035645,0.2612305,0.009765625,-0.1411133,0.1850586,-0.2041016
1310,-24.1875,94.5625,330.25,0.8417969,0.4360352,0.07128906,-0.1235352,0.1923828,-0.2055664
1314,-42.75,123.1875,324.5,0.7836914,0.3857422,0.009765625,-0.09472656,0.2060547,-0.2080078
1318,-44.6875,149.875,302.3125,0.5317383,0.2109375,0.01367188,-0.06396484,0.2163086,-0.206543
1322,-52.125,163.5625,282.8125,0.1635742,0.203125,-0.03222656,-0.04394531,0.2211914,-0.2080078
1326,-55.5,129.75,294.5625,-0.4711914,-0.03369141,-0.112793,-0.009277344,0.2260742,-0.2041016
1330,-46.625,73.375,277.375,-0.6494141,-0.01416016,-0.04736328,0.01757813,0.2275391,-0.2026367
1334,-42.9375,34.8125,259.8125,-0.5605469,-0.01025391,0.02880859,0.03662109,0.2285156,-0.2011719
1338,-53.75,53.75,206.1875,-0.6689453,-0.03369141,0.005859375,0.05957031,0.2260742,-0.1972656
1342,-49.5625,62.3125,159.4375,-0.862793,-0.2509766,-0.02832031,0.07861328,0.2250977,-0.1904297
1346,-45,51.3125,139.1875,-1.292969,-0.3833008,-0.128418,0.08886719,0.2236328,-0.1875
1350,-28.9375,33.375,113,-1.351074,-0.484375,-0.1401367,0.1010742,0.2226563,-0.1821289
1354,-11.625,19,79.875,-1.501953,-0.5776367,-0.1630859,0.1103516,0.21875,-0.1782227
1358,2.125,0.75,32.5,-1.432129,-0.3833008,-0.02832031,0.1142578,0.2163086,-0.1782227
1362,-12.875,-3.875,-30.9375,-1.273438,-0.2666016,0.06738281,0.1152344,0.2172852,-0.1806641
1367,-13.0625,-17.1875,-79.375,-1.157227,-0.6005859,0.05566406,0.112793,0.2197266,-0.1796875
1371,-2.9375,-35.3125,-101.8125,-0.8857422,-0.6513672,0.05175781,0.1044922,0.2226563,-0.1796875
1375,5.125,-51.3125,-108.75,-0.6494141,-0.7016602,0.05957031,0.09521484,0.2250977,-0.1806641
1379,15.125,-47.4375,-113.3125,-0.3666992,-0.6513672,0.07128906,0.08447266,0.2285156,-0.1806641
1383,15.3125,-19.875,-133.3125,-0.3007813,-0.5268555,0.07910156,0.07470703,0.2299805,-0.1835938
1387,14.8125,0.5,-159.0625,-0.5253906,-0.5268555,0.04052734,0.06542969,0.2338867,-0.1835938
1391,20.25,-17.875,-181.5625,-0.7114258,-0.5463867,-0.009277344,0.04736328,0.2348633,-0.1835938
1395,33,-57,-204.8125,-0.6650391,-0.484375,0.009765625,0.03662109,0.2363281,-0.1865234
1399,33.75,-95.5625,-215.4375,-0.3974609,-0.2822266,0.04443359,0.01513672,0.2363281,-0.1889648
1403,28.4375,-123.1875,-217.5625,-0.1069336,-0.2744141,0.06347656,-0.006835938,0.2348633,-0.1928711
1407,28.125,-106.25,-232.75,0.3496094,-0.08789063,0.1518555,-0.0234375,0.2338867,-0.1918945
1411,20.1875,-47.3125,-259.25,0.4775391,-0.09179688,0.140625,-0.04736328,0.2285156,-0.1943359
1415,30.25,-17.125,-295.875,0.1518555,-0.1850586,0.125,-0.07128906,0.2236328,-0.1943359
1419,44.625,-47,-317.75,-0.1689453,-0.02978516,0.06347656,-0.08886719,0.2163086,-0.1928711
1423,33.3125,-119.625,-315.3125,-0.1611328,0.3388672,0.05957031,-0.1137695,0.2050781,-0.1958008
1427,16.125,-166.1875,-310,0.2836914,0.284668,0.02099609,-0.1459961,0.1938477,-0.1904297
1431,1.5625,-161.25,-342.5625,0.7680664,0.4555664,0.04052734,-0.1650391,0.1801758,-0.1850586
1435,0.1875,-138.875,-355.5625,1.217773,0.5410156,0.09814453,-0.1948242,0.1611328,-0.175293
1439,-14,-94.8125,-340.3125,1.376465,0.4516602,0.07128906,-0.2172852,0.1386719,-0.168457
1443,4.375,-45.3125,-307.8125,1.384277,0.06689453,0.04443359,-0.2329102,0.1235352,-0.1645508
1447,27.0625,-30.75,-285.625,0.9462891,0.4672852,0.01367188,-0.2485352,0.1010742,-0.1591797
1451,9.625,-55.6875,-286.625,0.9194336,1.057617,0.1210938,-0.2592773,0.07861328,-0.1591797
1455,-21,-59.625,-310.4375,1.345703,0.8632813,0.07910156,-0.2685547,0.0625,-0.15625
1459,-3.5,-28.375,-301.375,1.578125,0.3896484,0.04052734,-0.2792969,0.03613281,-0.1523438
1463,32.5,-2.5,-261.6875,1.454102,0.2573242,0.03271484,-0.2866211,0.01123047,-0.1508789
1467,53,5.375,-231.75,1.233398,0.7236328,0.07910156,-0.2866211,-0.003417969,-0.1494141
1471,20,19.875,-243.5,1.326172,1.446289,0.3017578,-0.2875977,-0.02441406,-0.1538086
1475,-22.1875,52.1875,-261.3125,1.279785,0.9916992,0.2368164,-0.2866211,-0.04833984,-0.1577148
1479,5.3125,53.125,-249.5,1.012207,0.5058594,0.1635742,-0.2851563,-0.06298828,-0.1606445
1483,36.25,34.0625,-224.375,0.7875977,0.5991211,0.1098633,-0.2817383,-0.08447266,-0.1645508
1487,64.4375,5.9375,-204.6875,0.659668,0.8442383,0.1132813,-0.2744141,-0.1044922,-0.1674805
1491,57.3125,-5,-222.5625,0.8535156,1.660156,0.2905273,-0.2709961,-0.1196289,-0.1660156
1496,9.3125,17.875,-266.4375,1.059082,1.702637,0.3134766,-0.2661133,-0.1396484,-0.1660156
1500,10.4375,32.375,-273.8125,1.023926,1.120117,0.2329102,-0.2578125,-0.1630859,-0.168457
1504,36.625,33.25,-257.875,1.012207,1.146973,0.144043,-0.2485352,-0.1791992,-0.168457
1508,54.5625,16.9375,-235.6875,0.9272461,1.13916,0.07519531,-0.237793,-0.2016602,-0.1699219
1512,69.3125,-3.25,-222.5,1.074219,1.430664,0.1518555,-0.2255859,-0.2192383,-0.1660156
1516,49.3125,-3.375,-227.875,1.271973,1.601563,0.2094727,-0.2197266,-0.2329102,-0.1645508
1520,32.9375,-18,-218.6875,1.198242,1.302734,0.1289063,-0.2080078,-0.2495117,-0.1616211
1524,38.8125,-57.5625,-184.75,1.233398,1.077148,0.05175781,-0.1948242,-0.265625,-0.1577148
1528,37.375,-93.0625,-129.25,1.419434,1.045898,-0.005371094,-0.1914063,-0.2744141,-0.1547852
1532,39.875,-85.8125,-84.5,1.787598,0.8867188,0.04785156,-0.1865234,-0.2817383,-0.1484375
1536,46.125,-37.8125,-53,1.864746,0.8710938,0.125,-0.1831055,-0.2880859,-0.1386719
1540,39.5,7.25,-29,1.589844,0.9838867,0.2094727,-0.1806641,-0.2905273,-0.1357422
1544,25.4375,26.375,-9,1.275879,0.875,0.1904297,-0.1791992,-0.2954102,-0.1347656
1548,20.125,24.8125,3.375,1.012207,0.7973633,0.1289063,-0.1782227,-0.2954102,-0.1357422
1552,16.25,9.5625,13.0625,0.9116211,0.7392578,0.1479492,-0.1791992,-0.296875,-0.1347656
1556,17.4375,4.3125,15.875,0.9814453,0.7392578,0.1943359,-0.1782227,-0.296875,-0.1347656
1560,13.5625,2.5,19.25,1.02002,0.8051758,0.2441406,-0.1791992,-0.2944336,-0.1333008
1564,1.375,0.75,24.5,1.070313,0.972168,0.3056641,-0.1806641,-0.2954102,-0.1318359
1568,-19.9375,-8.5625,37.4375,1.13623,0.9492188,0.3251953,-0.1831055,-0.2905273,-0.1347656
1572,-28.25,-14.3125,58.75,1.287598,0.8710938,0.2905273,-0.1875,-0.2905273,-0.1333008
1576,-25.4375,-10.8125,86.875,1.380371,0.793457,0.2172852,-0.1899414,-0.2841797,-0.1347656
1580,-14.75,-6.1875,112.625,1.407715,0.8481445,0.1982422,-0.1972656,-0.2783203,-0.1357422
1584,-13.25,3.8125,128.875,1.473633,1.09668,0.2211914,-0.2045898,-0.2695313,-0.1347656
1588,-22.6875,17.5625,139.6875,1.539551,1.166504,0.2558594,-0.2089844,-0.2641602,-0.1357422
1592,-34,24.5625,169.0625,1.399902,1.279297,0.1904297,-0.21875,-0.2519531,-0.137207
1596,-46.8125,-2.75,207.1875,1.283691,1.228516,0.1904297,-0.2280273,-0.2368164,-0.1416016
1600,-45.125,-15.375,228.5625,1.442383,1.209473,0.1479492,-0.237793,-0.2255859,-0.144043
1604,-35.4375,-1.625,240.8125,1.717773,1.251953,0.1748047,-0.2485352,-0.2055664,-0.1455078
1608,-37.6875,27.6875,257.0625,1.702148,1.422852,0.140625,-0.2592773,-0.1845703,-0.1484375
1612,-44,39.0625,282,1.527832,1.368652,0.09033203,-0.2636719,-0.1679688,-0.1455078
1616,-45.375,35,299.625,1.426758,1.415039,0.1098633,-0.2724609,-0.1420898,-0.1538086
1620,-49.4375,36.125,308,1.484863,1.325684,0.1098633,-0.2783203,-0.1132813,-0.1547852
1625,-48.9375,51.625,309.1875,1.430664,1.298828,0.105957,-0.2792969,-0.09570313,-0.1606445
1629,-44.3125,56.9375,316.375,1.322266,1.092773,0.07519531,-0.2817383,-0.06591797,-0.1630859
1633,-38,50.9375,317.5625,1.229492,1.116211,0.04443359,-0.2807617,-0.03564453,-0.1699219
1637,-37.6875,35.6875,333.1875,1.055176,1.034668,0.009765625,-0.2783203,-0.01806641,-0.1713867
1641,-35.6875,13.8125,336.5625,1.182617,1.057617,0.1171875,-0.2734375,0.01269531,-0.1713867
1645,-44.5625,39.3125,331.8125,1.345703,0.9995117,0.1020508,-0.2651367,0.04150391,-0.1738281
1649,-44.375,68.1875,324.125,1.26416,0.8012695,0.09423828,-0.2592773,0.06103516,-0.175293
1653,-37.375,89.5625,332.8125,1.159668,0.7666016,0.08642578,-0.2436523,0.08740234,-0.1796875
1657,-41,91,348.3125,0.9892578,0.6811523,0.04785156,-0.2270508,0.1152344,-0.1835938
1661,-43.9375,92.125,356.875,0.8842773,0.7314453,0.07128906,-0.2138672,0.1323242,-0.1865234
1665,-51.8125,98.9375,340.5,0.644043,0.7353516,0.06347656,-0.1875,0.1577148,-0.1904297
1669,-59.625,96.9375,314.4375,0.3769531,0.5253906,0.02099609,-0.1650391,0.1748047,-0.1904297
1673,-54.125,73.8125,284.5625,0.2255859,0.269043,0.001953125,-0.1484375,0.1875,-0.1918945
1677,-36.6875,55.1875,296.875,0.4697266,0.08251953,0.001953125,-0.1259766,0.2026367,-0.1918945
1681,-25.5,68.0625,298.625,0.543457,0.1914063,-0.001464844,-0.09863281,0.2148438,-0.1943359
1685,-31.6875,69.375,292.25,0.2373047,0.3388672,0.03271484,-0.08203125,0.2226563,-0.1928711
1689,-43.25,53.0625,263.375,0.06689453,0.1484375,0.05566406,-0.05419922,0.2285156,-0.1918945
1693,-37,41.9375,239.9375,0.206543,-0.09960938,0.1020508,-0.03173828,0.2324219,-0.1904297
1697,-21.0625,65.3125,232.4375,0.4736328,-0.1850586,0.09033203,-0.01855469,0.2363281,-0.1875
1701,-26.8125,67.375,250.1875,-0.2192383,-0.07226563,-0.009277344,0.005859375,0.2387695,-0.1875
1705,-26.1875,33.75,250.3125,-0.4169922,-0.1811523,0.02880859,0.02978516,0.2363281,-0.1850586
1709,-27,34.5625,220.1875,-0.5605469,-0.2045898,0.05957031,0.04492188,0.2363281,-0.1850586
1713,-27.3125,43.75,161.5,-0.9672852,-0.2431641,-0.01318359,0.06396484,0.2324219,-0.1835938
1717,-25.375,29,131.125,-1.339355,-0.402832,-0.06298828,0.07861328,0.2299805,-0.1796875
1721,-16.4375,3.4375,100.6875,-1.575684,-0.503418,-0.1245117,0.08691406,0.2299805,-0.1782227
1725,-1.3125,-17.8125,57.5625,-1.711426,-0.519043,-0.1166992,0.09619141,0.2260742,-0.1767578
1729,6.9375,-38.0625,2.625,-1.672363,-0.4453125,-0.05908203,0.09521484,0.2260742,-0.175293
1733,12.375,-40.8125,-55,-1.358887,-0.4492188,0.04052734,0.09375,0.2260742,-0.1767578
1737,18.625,-31.375,-96.8125,-0.9633789,-0.5,0.105957,0.08691406,0.2299805,-0.1806641
1741,23.8125,-12.375,-129.375,-0.6572266,-0.4453125,0.1518555,0.07714844,0.2314453,-0.1850586
1745,20.4375,3.25,-152.4375,-0.5292969,-0.4648438,0.1171875,0.06787109,0.2314453,-0.1835938
1749,23.5,3.4375,-167.75,-0.5527344,-0.565918,0.06347656,0.05566406,0.2324219,-0.1850586
1754,32.75,-10.8125,-191.0625,-0.4868164,-0.4921875,0.07128906,0.0390625,0.2348633,-0.1889648
1758,32.375,-30.1875,-211.625,-0.3164063,-0.3754883,0.1020508,0.02832031,0.2348633,-0.1889648
1762,26.375,-50.5,-224.9375,-0.08789063,-0.3364258,0.1674805,0.006835938,0.2348633,-0.1918945
1766,20.625,-70.625,-221.8125,0.1367188,-0.3481445,0.1557617,-0.01269531,0.2338867,-0.1928711
1770,22.4375,-69.875,-219.875,0.4116211,-0.3989258,0.1674805,-0.03076172,0.2324219,-0.1928711
1774,33,-47.4375,-214.375,0.5512695,-0.4257813,0.144043,-0.04980469,0.2285156,-0.1943359
1778,40.875,-25,-230.9375,0.578125,-0.2045898,0.2519531,-0.06884766,0.2226563,-0.1943359
1782,28.625,-11.25,-241.3125,0.625,-0.09179688,0.2558594,-0.08203125,0.2172852,-0.1958008
1786,21.8125,-16.5625,-237.375,0.5009766,-0.2744141,0.2094727,-0.1010742,0.2084961,-0.1987305
1790,38.6875,-28.8125,-217.375,0.578125,-0.4804688,0.1020508,-0.1201172,0.2001953,-0.199707
1794,73.375,-33.4375,-200.1875,0.574707,-0.5385742,0.05175781,-0.1303711,0.1923828,-0.2011719
1798,102.9375,-6.8125,-209.4375,0.8496094,0.1333008,0.2827148,-0.1450195,0.1801758,-0.2055664
1802,56.125,6.6875,-247.5,0.5009766,0.5683594,0.3056641,-0.1582031,0.1650391,-0.2094727
1806,23.0625,-25.8125,-257.1875,0.4428711,-0.04541016,0.1904297,-0.1674805,0.1523438,-0.2094727
1810,56,-71.75,-245.9375,0.7412109,-0.2900391,0.08642578,-0.184082,0.1386719,-0.2109375
1814,86.9375,-60.4375,-215.125,1.02002,-0.1967773,0.105957,-0.1982422,0.1201172,-0.2109375
1818,117.75,-47.375,-195.875,1.000488,0.2573242,0.3173828,-0.206543,0.1074219,-0.2109375
1822,42.6875,-20.875,-242.625,0.9501953,1.341309,0.4135742,-0.21875,0.08886719,-0.2094727
1826,10.375,-43.25,-257.875,0.8149414,0.07861328,0.3056641,-0.2294922,0.06982422,-0.2094727
1830,61.875,-57.125,-237,1.109375,-0.002441406,0.1904297,-0.2353516,0.05517578,-0.2094727
1834,88.625,-38.75,-203.9375,1.283691,0.04736328,0.1982422,-0.2426758,0.03759766,-0.2094727
1838,115.125,-23.875,-174.875,1.22168,0.5952148,0.355957,-0.2485352,0.01757813,-0.206543
1842,49.0625,29,-220.5625,1.29541,1.605469,0.5175781,-0.2509766,0.00390625,-0.2094727
1846,1.125,29.8125,-246.5625,0.5976563,0.4360352,0.2558594,-0.2519531,-0.01708984,-0.2133789
1850,57.1875,-34.3125,-224.0625,0.4194336,0.2651367,0.1674805,-0.2519531,-0.03808594,-0.2133789
1854,74.875,-81.5,-216.25,0.675293,0.7001953,0.1635742,-0.253418,-0.05078125,-0.2109375
1858,92.625,-100.1875,-195.8125,0.8769531,0.6962891,0.1674805,-0.2578125,-0.07080078,-0.2055664
1862,88.1875,-63.375,-218.75,1.458008,1.481445,0.4482422,-0.2602539,-0.09326172,-0.1958008
1866,37.6875,13.0625,-255,1.341797,1.403809,0.3364258,-0.2592773,-0.1083984,-0.1928711
1870,50.875,22.1875,-254.4375,0.7993164,0.890625,0.2060547,-0.2519531,-0.1308594,-0.1943359
1874,78.125,-19.75,-240.3125,0.59375,1.01123,0.105957,-0.2436523,-0.1533203,-0.1943359
1878,96.4375,-69.0625,-221.75,0.6870117,1.057617,0.04785156,-0.2412109,-0.1669922,-0.1889648
1883,108,-90.8125,-219.8125,1.070313,1.353027,0.1479492,-0.2353516,-0.1894531,-0.1796875
1887,79.875,-59.5625,-253.25,1.500488,1.834961,0.3828125,-0.2294922,-0.2119141,-0.1713867
1891,36.8125,-25.9375,-274.875,1.461914,1.477539,0.3212891,-0.222168,-0.2255859,-0.1660156
1895,31.8125,-46.125,-241.5625,1.322266,1.150879,0.1865234,-0.2104492,-0.2456055,-0.1630859
1899,23.5,-96.0625,-170.375,1.361328,1.057617,0.04052734,-0.1982422,-0.2607422,-0.1577148
1903,25.0625,-128.125,-103.6875,1.666992,0.7587891,-0.02050781,-0.1962891,-0.2705078,-0.1523438
1907,37.625,-99.3125,-71.25,2.054688,0.8129883,0.1098633,-0.1948242,-0.2753906,-0.1425781
1911,25.125,-29.5,-59,2.093262,0.9179688,0.2329102,-0.1923828,-0.2807617,-0.1333008
1915,7.9375,10.8125,-34.625,1.775879,0.824707,0.2519531,-0.1899414,-0.2841797,-0.1347656
1919,-1.5,11.1875,-2.6875,1.550781,0.7470703,0.2094727,-0.1899414,-0.2856445,-0.1347656
1923,-4,2.875,28.125,1.477539,0.6655273,0.1865234,-0.1889648,-0.2866211,-0.1347656
1927,-2.25,-6.5625,55.9375,1.531738,0.6303711,0.2290039,-0.1923828,-0.2832031,-0.1347656
1931,3.6875,0.0625,79.0625,1.589844,0.6962891,0.2866211,-0.1962891,-0.2792969,-0.1347656
1935,-1.875,9.625,97.6875,1.585938,0.875,0.3637695,-0.203125,-0.2753906,-0.1333008
1939,-16.1875,21.1875,110.5625,1.601563,1.003418,0.4135742,-0.2045898,-0.2680664,-0.1357422
1943,-30.75,27.6875,129.625,1.582031,1.01123,0.3671875,-0.2114258,-0.2607422,-0.137207
1947,-40.25,24.25,158.9375,1.523926,1.084961,0.3291016,-0.21875,-0.2495117,-0.1425781
1951,-44.875,12.8125,192.6875,1.574219,1.092773,0.2788086,-0.2246094,-0.2392578,-0.144043
1955,-46.75,7.6875,226.3125,1.647949,1.178223,0.1982422,-0.2353516,-0.2246094,-0.1494141
1959,-45.75,0.875,259,1.605469,1.178223,0.1289063,-0.2470703,-0.203125,-0.1508789
1963,-34.8125,7.4375,277.8125,1.706055,1.209473,0.1328125,-0.2543945,-0.1894531,-0.1484375
1967,-34.125,35.0625,271.8125,1.76416,1.403809,0.159668,-0.2636719,-0.1645508,-0.1538086
1971,-45.6875,72.125,272.5625,1.644043,1.442383,0.09814453,-0.2709961,-0.1381836,-0.1577148
1975,-49.875,78.25,285.5,1.403809,1.251953,0.01708984,-0.2744141,-0.1220703,-0.1660156
1979,-40.9375,59.375,311.4375,1.175293,1.073242,-0.02441406,-0.2744141,-0.09570313,-0.1728516
1983,-30.625,45.6875,327.25,1.159668,1.120117,0.05175781,-0.2768555,-0.06689453,-0.175293
1987,-38.4375,59.25,312.875,1.117188,1.217285,0.09423828,-0.2744141,-0.04589844,-0.175293
1991,-50.1875,78.8125,281.875,1.0625,1.084961,0.1210938,-0.2724609,-0.01708984,-0.1806641
1995,-53.0625,85.875,266.5625,1.035645,0.9140625,0.1020508,-0.2661133,0.006347656,-0.1865234
1999,-55.5,77,276.625,0.8920898,0.8481445,0.02880859,-0.2578125,0.02246094,-0.1875
2003,-55.4375,48.6875,287.3125,0.9853516,0.7895508,0.09033203,-0.2509766,0.04736328,-0.1958008
2007,-60.75,38.1875,299.125,1.105469,0.7080078,0.03662109,-0.2402344,0.07373047,-0.1943359
2012,-49,41.8125,305.9375,1.206055,0.5332031,0.05566406,-0.2319336,0.08740234,-0.1958008
2016,-35,69.125,298.5625,1.229492,0.4125977,0.04443359,-0.2172852,0.1113281,-0.1958008
2020,-24.125,102.6875,293.625,0.9697266,0.4946289,0.01708984,-0.1982422,0.1313477,-0.2011719
2024,-24.5,103,288.9375,0.7641602,0.5253906,0.06738281,-0.1855469,0.1435547,-0.2055664
2028,-45.5,71.5625,289.625,0.3574219,0.5913086,0.08251953,-0.1640625,0.1611328,-0.2080078
2032,-58,30.0625,291.875,0.3808594,0.4052734,0.09423828,-0.1411133,0.1762695,-0.2080078
2036,-55.6875,8.625,283.6875,0.5009766,0.121582,0.06738281,-0.1293945,0.1875,-0.2041016
2040,-36.75,25.875,267.0625,0.7758789,0.0009765625,0.09814453,-0.109375,0.2026367,-0.2026367
2044,-31.375,61.25,262.625,0.6401367,0.06298828,0.07128906,-0.08789063,0.2138672,-0.2041016
2048,-28.875,73.875,264.8125,0.4077148,0.08251953,0.105957,-0.07128906,0.2172852,-0.2026367
2052,-41.125,64.25,262.875,0.05126953,0.05517578,0.09423828,-0.04736328,0.2250977,-0.2055664
2056,-44.5625,44.625,246.875,-0.09130859,-0.01416016,0.125,-0.0234375,0.2299805,-0.199707
2060,-47.9375,38.375,225.0625,-0.07226563,-0.1230469,0.1289063,-0.006835938,0.2299805,-0.1987305
2064,-40.625,56.3125,200.1875,0.06298828,-0.2666016,0.140625,0.01171875,0.2338867,-0.1958008
2068,-45.4375,63.4375,212.125,-0.4287109,-0.3325195,0.01708984,0.03173828,0.2348633,-0.1918945
2072,-47.125,44,219.4375,-0.7929688,-0.402832,0.03271484,0.04492188,0.2324219,-0.1875
2076,-42.5,53.0625,186.375,-0.9287109,-0.2861328,-0.03222656,0.06640625,0.2314453,-0.1850586
2080,-43.1875,96.625,115.9375,-1.277344,-0.3364258,-0.1206055,0.08203125,0.2314453,-0.1806641
2084,-29.1875,94.3125,44.125,-2.04834,-0.5854492,-0.2167969,0.09033203,0.2314453,-0.1738281
2088,-5.5625,17,-2.5625,-2.436035,-0.6240234,-0.2167969,0.09765625,0.2299805,-0.1738281
2092,4.8125,-66.1875,-46.0625,-2.067871,-0.4648438,-0.06298828,0.09521484,0.2314453,-0.1713867
2096,7.625,-112.6875,-81.75,-1.501953,-0.4257813,0.001953125,0.08886719,0.2314453,-0.1738281
2100,13.125,-111.75,-115.75,-0.7192383,-0.387207,0.1098633,0.07714844,0.2338867,-0.1767578
2104,16.0625,-47,-154.25,-0.1572266,-0.340332,0.1518555,0.06152344,0.2348633,-0.1806641
2108,23.0625,31.3125,-183.3125,-0.1689453,-0.387207,0.1171875,0.04980469,0.2363281,-0.1806641
2112,35.25,53.4375,-206.3125,-0.5566406,-0.4492188,0.02099609,0.03662109,0.2387695,-0.1821289
2116,51.375,20.5,-228.0625,-0.8007813,-0.3173828,0.009765625,0.02001953,0.2373047,-0.1865234
2120,45.9375,-55.6875,-244.375,-0.8085938,-0.006347656,0.07910156,0.006835938,0.2387695,-0.1875
2124,25.3125,-100,-267.125,0.01269531,0.05908203,0.1635742,-0.01513672,0.2363281,-0.1904297
2128,20.5,-78.6875,-282.6875,0.7177734,-0.1811523,0.140625,-0.04492188,0.2324219,-0.1904297
2132,35.4375,-41.875,-273.625,0.9038086,-0.2392578,0.1748047,-0.06298828,0.2275391,-0.1889648
2136,40.4375,-33.75,-260.625,0.7294922,-0.1694336,0.1943359,-0.08789063,0.2197266,-0.1928711
2141,36.3125,-47.75,-276.25,0.8032227,0.05517578,0.2983398,-0.109375,0.2099609,-0.1943359
2145,23.0625,-34,-302.625,1.078125,0.03613281,0.3134766,-0.1235352,0.2011719,-0.1918945
2149,32.5625,-35.75,-339.8125,0.9389648,-0.1577148,0.2788086,-0.1474609,0.1884766,-0.1918945
2153,45.25,-62.625,-334.5625,0.7529297,0.05126953,0.1787109,-0.1708984,0.1674805,-0.1928711
2157,15.875,-161.125,-262.5625,0.6479492,0.2109375,0.1479492,-0.1865234,0.1547852,-0.1904297
2161,-0.9375,-172.875,-234.625,1.508301,0.2807617,0.1787109,-0.2104492,0.1411133,-0.1806641
2165,-4.5,-59.0625,-248,2.082031,0.02441406,0.2709961,-0.2280273,0.1235352,-0.1728516
2169,3.625,74.6875,-257.375,1.655762,-0.02197266,0.2172852,-0.2353516,0.1137695,-0.1713867
2173,16.0625,99.6875,-254.875,0.8920898,-0.03759766,0.1557617,-0.2426758,0.09228516,-0.1782227
2177,24.9375,26.6875,-226.4375,0.2954102,0.06298828,0.001953125,-0.2470703,0.07373047,-0.1865234
2181,46.8125,-71.4375,-192.3125,0.6171875,0.07470703,0.05566406,-0.253418,0.0625,-0.1865234
2185,52.0625,-75.8125,-190.25,1.248535,0.3779297,0.2094727,-0.2617188,0.04492188,-0.1821289
2189,39.75,-4.9375,-199.6875,1.539551,0.4438477,0.3134766,-0.2675781,0.02880859,-0.1767578
2193,28.375,61.75,-213.9375,1.306641,0.4125977,0.3056641,-0.2685547,0.01367188,-0.1782227
2197,38.75,65.8125,-199.75,0.9619141,0.253418,0.2172852,-0.2700195,-0.005859375,-0.1850586
2201,58.4375,20.5,-171.9375,0.8300781,0.2226563,0.1713867,-0.2675781,-0.0234375,-0.1918945
2205,76.0625,0,-151.9375,1.101563,0.5644531,0.3173828,-0.2675781,-0.03466797,-0.1918945
2209,48.375,39.0625,-165.4375,1.337891,0.956543,0.4365234,-0.2651367,-0.05078125,-0.1928711
2213,21.1875,93.3125,-177.75,1.22168,0.6069336,0.355957,-0.2626953,-0.06835938,-0.1987305
2217,34.125,102.125,-175.3125,0.7915039,0.3740234,0.2329102,-0.2578125,-0.07958984,-0.2041016
2221,57.75,63.5,-160.625,0.4931641,0.4438477,0.1635742,-0.2495117,-0.09423828,-0.2119141
2225,76.6875,-3.5,-145,0.3999023,0.5800781,0.1748047,-0.2460938,-0.109375,-0.2133789
2229,82.625,-34.75,-152.0625,0.8183594,1.034668,0.3671875,-0.2446289,-0.1206055,-0.2133789
2233,52.9375,-3.375,-178.9375,1.066406,1.057617,0.3520508,-0.2426758,-0.1381836,-0.2080078
2237,53.3125,27.375,-178.6875,0.9580078,0.6655273,0.2944336,-0.2353516,-0.1533203,-0.206543
2241,72.375,28.25,-162.0625,0.644043,0.6616211,0.1982422,-0.2294922,-0.1645508,-0.2080078
2245,94.5625,-6.75,-139.375,0.3999023,0.6303711,0.1132813,-0.2246094,-0.1806641,-0.206543
2249,114.8125,-40.125,-143.9375,0.543457,1.178223,0.2709961,-0.21875,-0.1958008,-0.2011719
2253,85.4375,-30.6875,-179.5,0.7602539,1.442383,0.3056641,-0.215332,-0.2070313,-0.1943359
2257,75,-24.625,-192.4375,0.7490234,1.116211,0.2597656,-0.2089844,-0.2246094,-0.1904297
2261,91.25,-35.875,-183.0625,0.7915039,0.890625,0.1479492,-0.2006836,-0.2407227,-0.1835938
2265,118.3125,-43.0625,-172.3125,0.9311523,0.9604492,0.140625,-0.1923828,-0.2519531,-0.1767578
2270,119.9375,-32,-185.875,1.089844,1.481445,0.3442383,-0.1865234,-0.265625,-0.1674805
2274,72.75,-12.3125,-209.25,1.16748,1.850586,0.5214844,-0.1748047,-0.2841797,-0.1616211
2278,18.5,-18.8125,-196,1.109375,1.52002,0.4213867,-0.1640625,-0.2905273,-0.1577148
2282,-5.0625,-52.25,-125,1.233398,1.17041,0.3251953,-0.1533203,-0.3017578,-0.1547852
2286,-15,-73.1875,-40.9375,1.461914,0.9140625,0.2519531,-0.1494141,-0.3056641,-0.1547852
2290,-9.3125,-51,7.6875,1.620605,0.809082,0.2172852,-0.1474609,-0.3081055,-0.1538086
2294,-3,-5.6875,18.0625,1.550781,0.8168945,0.1865234,-0.1508789,-0.3056641,-0.1494141
2298,2,24.5,21.3125,1.275879,0.840332,0.1787109,-0.1533203,-0.3041992,-0.1523438
2302,0.4375,22.75,30.6875,1.082031,0.90625,0.2402344,-0.1533203,-0.3041992,-0.1547852
2306,-6.3125,11.125,44.5,1.113281,0.8984375,0.2675781,-0.1567383,-0.3017578,-0.1538086
2310,-9.1875,6.375,63.1875,1.186523,0.8945313,0.2709961,-0.1582031,-0.2993164,-0.1538086
2314,-18.25,-3.875,87.5625,1.213867,1.003418,0.3251953,-0.1625977,-0.2944336,-0.15625
2318,-30,-7.1875,108.75,1.330078,1.034668,0.3481445,-0.1699219,-0.2895508,-0.15625
2322,-35.1875,-7.125,133.3125,1.380371,1.104492,0.375,-0.1782227,-0.2832031,-0.1591797
2326,-44.1875,-8.4375,165.1875,1.39209,1.17041,0.3364258,-0.184082,-0.2744141,-0.1577148
2330,-42.0625,-13.625,191.75,1.403809,1.182129,0.2905273,-0.1948242,-0.2641602,-0.1645508
2334,-40.9375,-18.25,217.125,1.426758,1.333496,0.2597656,-0.2080078,-0.2470703,-0.1616211
2338,-49.0625,-13.75,243.25,1.516113,1.430664,0.2944336,-0.215332,-0.234375,-0.1630859
2342,-55.4375,-2.4375,259.875,1.477539,1.516113,0.2749023,-0.2280273,-0.2167969,-0.1645508
2346,-64.625,0.5625,270.125,1.430664,1.539551,0.2250977,-0.2436523,-0.1943359,-0.168457
2350,-68.25,-2.125,291.3125,1.403809,1.43457,0.2060547,-0.2495117,-0.1782227,-0.1699219
2354,-62.5,3.8125,308.3125,1.469727,1.345215,0.1748047,-0.2602539,-0.1508789,-0.1713867
2358,-55.5,12.4375,314.8125,1.384277,1.376465,0.1479492,-0.2675781,-0.1196289,-0.1728516
2362,-52.25,17.875,321.3125,1.430664,1.325684,0.1635742,-0.2724609,-0.1030273,-0.1738281
2366,-53.8125,47.0625,328.5625,1.523926,1.217285,0.1787109,-0.2758789,-0.07324219,-0.1738281
2370,-57.6875,89.3125,338.375,1.407715,1.104492,0.1518555,-0.2744141,-0.04052734,-0.1821289
2374,-55.9375,114.625,354.3125,1.008301,0.9760742,0.04052734,-0.2700195,-0.01806641,-0.1875
2378,-60.1875,79.625,360.5,0.5200195,1.221191,0.06347656,-0.2602539,0.01269531,-0.1928711
2382,-79.6875,37.5,340.1875,0.7294922,0.987793,0.09033203,-0.2519531,0.04492188,-0.1972656
2386,-64.375,42.8125,325.0625,1.02002,0.5019531,0.09033203,-0.2436523,0.0625,-0.1958008
2390,-41.0625,74.0625,320.375,1.043457,0.4243164,0.04052734,-0.2304688,0.08886719,-0.1958008
2394,-35.9375,74,326.5625,0.6870117,0.5527344,0.05175781,-0.2128906,0.1123047,-0.199707
2399,-41,40.5625,314.1875,0.5356445,0.6577148,0.1132813,-0.2006836,0.1274414,-0.2011719
2403,-52,27.125,310,0.8149414,0.4633789,0.144043,-0.1816406,0.1513672,-0.2011719
2407,-46.625,59.1875,298.375,1.055176,0.3701172,0.1748047,-0.1625977,0.1689453,-0.2026367
2411,-51.75,100.875,284.5625,0.8652344,0.3120117,0.07128906,-0.1484375,0.1801758,-0.2011719
2415,-45.125,90.125,305,0.4116211,0.1098633,0.009765625,-0.1220703,0.1962891,-0.2026367
2419,-33.625,54.125,296,0.3691406,0.1601563,0.1098633,-0.09619141,0.2060547,-0.2011719
2423,-53.125,61.875,287.5,0.5239258,0.3544922,0.1367188,-0.07958984,0.2138672,-0.2026367
2427,-63.5,60.0625,268.1875,0.2685547,0.05908203,0.144043,-0.05566406,0.2236328,-0.199707
2431,-61.75,56,254.3125,0.2993164,-0.08789063,0.09033203,-0.03076172,0.2285156,-0.1958008
2435,-54.3125,67.75,264.25,0.1987305,-0.07226563,0.05566406,-0.01416016,0.2338867,-0.1943359
2439,-60.6875,76.5,262.75,-0.1572266,0.008789063,0.03271484,0.01074219,0.2363281,-0.1904297
2443,-67.8125,70.375,245.0625,-0.8085938,-0.08007813,-0.109375,0.03417969,0.2373047,-0.1865234
2447,-54.9375,58.8125,198.4375,-1.203613,-0.3911133,-0.1860352,0.05078125,0.2373047,-0.1806641
2451,-35.6875,46.875,146.3125,-1.641602,-0.3208008,-0.2436523,0.06884766,0.2363281,-0.175293
2455,-22.375,25.8125,90.5,-1.850586,-0.3442383,-0.2939453,0.08203125,0.2348633,-0.1738281
2459,-8.1875,-1.3125,35.6875,-2.04834,-0.4726563,-0.3398438,0.08789063,0.2338867,-0.1713867
2463,15.6875,-29.375,-15.375,-1.78125,-0.5073242,-0.2631836,0.08886719,0.2324219,-0.1699219
2467,31.9375,-33.5,-66.75,-1.339355,-0.4375,-0.1401367,0.08447266,0.2324219,-0.1738281
2471,41.9375,-25.75,-111.375,-0.9438477,-0.3364258,-0.03613281,0.07958984,0.2324219,-0.1767578
2475,42.625,-13.3125,-145.9375,-0.6689453,-0.3481445,0.001953125,0.06787109,0.2324219,-0.1806641
2479,44.5625,-0.0625,-173.25,-0.4907227,-0.3989258,0.03662109,0.05322266,0.2363281,-0.1835938
2483,54.6875,-0.4375,-186.25,-0.4443359,-0.519043,0.009765625,0.04394531,0.2363281,-0.1865234
2487,67.9375,-18.625,-199.8125,-0.3901367,-0.4179688,0.07519531,0.02734375,0.2348633,-0.1918945
2491,63.5625,-37.5625,-213.125,-0.07617188,-0.2470703,0.1635742,0.009277344,0.2314453,-0.1958008
2495,55,-43.1875,-222.75,0.1870117,-0.2241211,0.2402344,-0.004394531,0.2314453,-0.1972656
2499,50.25,-34.625,-229,0.4311523,-0.2822266,0.2368164,-0.0234375,0.2260742,-0.2026367
2503,52.75,-32.75,-227.1875,0.3652344,-0.4179688,0.2172852,-0.04589844,0.2211914,-0.206543
2507,65.9375,-55.5625,-218.4375,0.3071289,-0.3833008,0.2329102,-0.05908203,0.2163086,-0.2094727
2511,63.3125,-79,-217.0625,0.5629883,-0.01025391,0.3637695,-0.07714844,0.2084961,-0.2109375
2515,38.1875,-50.875,-234.25,0.9814453,0.02050781,0.3789063,-0.09863281,0.2001953,-0.2119141
2519,38.3125,-15.4375,-245.125,0.8071289,-0.2431641,0.2749023,-0.1113281,0.1923828,-0.2148438
2523,52.875,-39.1875,-231.5625,0.6831055,-0.2783203,0.2597656,-0.1269531,0.1811523,-0.2148438
2528,62.8125,-74.6875,-191.375,0.7373047,-0.3134766,0.2021484,-0.1450195,0.1699219,-0.2177734
2532,83.8125,-79.875,-171.9375,0.9580078,-0.1420898,0.2441406,-0.1557617,0.1577148,-0.2163086
2536,58.4375,-24.5,-209.4375,1.132324,0.4594727,0.390625,-0.1699219,0.1459961,-0.2177734
2540,28.3125,19.9375,-238.625,0.7099609,0.04394531,0.2211914,-0.1806641,0.1298828,-0.21875
2544,56.1875,-8.5,-232.0625,0.3305664,-0.2241211,0.1098633,-0.1865234,0.1186523,-0.2216797
2548,73.9375,-104.8125,-202.5,0.0009765625,-0.04150391,0.02490234,-0.199707,0.1035156,-0.2231445
2552,77.125,-211.0625,-185.5,0.659668,0.7275391,0.3330078,-0.2163086,0.08740234,-0.2148438
2556,-0.9375,-170.375,-237.25,1.744629,1.217285,0.3867188,-0.2280273,0.07763672,-0.2094727
2560,-33.25,-61.1875,-265.4375,1.748535,0.2456055,0.2827148,-0.2436523,0.06005859,-0.1987305
2564,10.0625,-21.1875,-250.4375,1.089844,-0.05273438,0.2021484,-0.2543945,0.04150391,-0.1958008
2568,33.75,-31.3125,-216.25,0.8535156,0.2416992,0.2060547,-0.2568359,0.02734375,-0.1943359
2572,41.25,-58.25,-211.875,0.5551758,0.4516602,0.1557617,-0.2626953,0.01025391,-0.1918945
2576,34.125,-97.5,-231.1875,0.7099609,0.972168,0.2749023,-0.2685547,-0.01171875,-0.1875
2580,6.6875,-89.1875,-253.5,1.202148,0.8945313,0.2519531,-0.2734375,-0.02587891,-0.1796875
2584,14.3125,-47.75,-257.375,1.430664,0.6225586,0.2441406,-0.2758789,-0.046875,-0.1738281
2588,33.75,-8.1875,-241.5625,1.283691,0.6186523,0.2094727,-0.2768555,-0.06933594,-0.1728516
2592,52.8125,8,-229.625,0.9736328,0.7158203,0.1289063,-0.2744141,-0.08203125,-0.1713867
2596,67,-0.4375,-234.4375,0.8417969,1.17041,0.2021484,-0.2700195,-0.1069336,-0.1713867
2600,46.625,11.625,-273.0625,1.047363,1.485352,0.2368164,-0.2661133,-0.1293945,-0.1728516
2604,40.375,11.875,-281.625,1.023926,1.124023,0.1904297,-0.2602539,-0.1479492,-0.168457
2608,63.125,1.625,-269.8125,1.128418,1.124023,0.1367188,-0.2495117,-0.171875,-0.1728516
2612,72.625,-20.875,-231.9375,1.13623,1.150879,0.04443359,-0.2412109,-0.1943359,-0.1674805
2616,92.1875,-47.5,-199.875,1.357422,1.353027,0.1098633,-0.2353516,-0.2080078,-0.1645508
2620,43.1875,-21.6875,-234.1875,1.826172,2.141602,0.3828125,-0.2270508,-0.2294922,-0.1591797
2624,-45.4375,-15.625,-209.0625,1.582031,1.46582,0.2021484,-0.2138672,-0.2456055,-0.1577148
2628,-29.5625,-62.4375,-139.6875,1.628418,0.5991211,0.05957031,-0.2089844,-0.2529297,-0.15625
2632,-5.6875,-68.6875,-69.0625,1.93457,0.4516602,-0.04394531,-0.2045898,-0.2583008,-0.1538086
2636,18.1875,-17.75,-37.9375,2.082031,0.3623047,0.05566406,-0.203125,-0.2631836,-0.1523438
2640,32.6875,30.4375,-21,1.76416,0.4907227,0.1289063,-0.2021484,-0.2641602,-0.1494141
2644,28.875,42.8125,-8.5625,1.59375,0.6655273,0.3212891,-0.199707,-0.2680664,-0.1494141
2648,11.125,40.3125,10.1875,1.430664,0.6655273,0.3364258,-0.1982422,-0.2695313,-0.1523438
2652,1.9375,20.4375,35.75,1.306641,0.6420898,0.3212891,-0.1972656,-0.2670898,-0.1508789
2657,-6.8125,-3.0625,59.3125,1.407715,0.6342773,0.340332,-0.199707,-0.265625,-0.1538086
2661,-8.625,-6.5625,82.1875,1.601563,0.6694336,0.375,-0.2055664,-0.2607422,-0.1523438
2665,-14.6875,8.3125,103.8125,1.706055,0.777832,0.3867188,-0.2080078,-0.2558594,-0.1523438
2669,-22.375,26.875,127.4375,1.605469,0.8442383,0.3598633,-0.2114258,-0.2480469,-0.1538086
2673,-27.3125,22.6875,147.9375,1.446289,0.8945313,0.3598633,-0.2197266,-0.2368164,-0.1577148
2677,-33.8125,11,169.1875,1.442383,0.9838867,0.340332,-0.2236328,-0.2294922,-0.1606445
2681,-45.6875,-10.375,195.9375,1.357422,1.131836,0.3134766,-0.2329102,-0.2158203,-0.1616211
2685,-56.9375,-33.375,214.9375,1.504395,1.124023,0.2944336,-0.2426758,-0.1982422,-0.1630859
2689,-56.875,-37.0625,235.875,1.72168,1.053711,0.2480469,-0.2509766,-0.1831055,-0.1630859
2693,-44.6875,-20.8125,260.75,1.922852,1.049805,0.2290039,-0.2602539,-0.1621094,-0.1616211
2697,-37.125,14.5625,283.4375,1.922852,1.20166,0.1518555,-0.2700195,-0.1367188,-0.1606445
2701,-41.875,31.625,301.125,1.694336,1.395996,0.1748047,-0.2734375,-0.1196289,-0.1645508
2705,-53.6875,35.5,311.3125,1.500488,1.248047,0.1210938,-0.2783203,-0.08935547,-0.168457
2709,-47.5,28.875,321.4375,1.314453,1.053711,0.1098633,-0.2807617,-0.06054688,-0.1713867
2713,-34.75,32.1875,308.3125,1.380371,1.061523,0.125,-0.2768555,-0.04199219,-0.1699219
2717,-35.3125,43.625,313.875,1.337891,1.034668,0.105957,-0.2758789,-0.01318359,-0.1713867
2721,-35.75,39.125,321.8125,1.22168,1.003418,0.1674805,-0.2700195,0.01367188,-0.1767578
2725,-42.25,41.5,325.25,1.078125,0.9140625,0.07910156,-0.2651367,0.03369141,-0.1767578
2729,-38.875,43.9375,320.625,1.105469,0.7001953,0.08642578,-0.2543945,0.06103516,-0.1782227
2733,-29.5625,64.3125,304.375,1.144043,0.7275391,0.09423828,-0.2436523,0.08642578,-0.1821289
2737,-30.625,88.3125,301.3125,0.9853516,0.6694336,0.02490234,-0.2304688,0.1010742,-0.1835938
2741,-38.375,62.3125,299.5625,0.644043,0.5952148,0.04052734,-0.2163086,0.1235352,-0.1875
2745,-36.6875,34.125,308.875,0.6289063,0.4829102,0.01708984,-0.1972656,0.1459961,-0.1865234
2749,-31.0625,26.1875,299.5625,0.8457031,0.3271484,0.07128906,-0.184082,0.1601563,-0.1875
2753,-26.125,58.8125,286.4375,0.9697266,0.3120117,0.05957031,-0.1665039,0.1762695,-0.1889648
2757,-20.9375,97.25,268.75,0.8842773,0.2456055,0.05957031,-0.1450195,0.1923828,-0.1904297
2761,-20,110.75,269.6875,0.6171875,0.1640625,0.01708984,-0.128418,0.2011719,-0.1943359
2765,-19.4375,99.3125,277.875,0.3227539,0.1679688,0.03271484,-0.1030273,0.2114258,-0.1972656
2769,-32.8125,65.0625,270.375,0.175293,0.2612305,0.1557617,-0.07714844,0.21875,-0.1987305
2773,-56.0625,45,251.9375,0.2373047,0.1484375,0.1865234,-0.06054688,0.2236328,-0.1972656
2777,-55.1875,63.4375,230.8125,0.4697266,-0.1811523,0.1328125,-0.03759766,0.2314453,-0.1943359
2781,-45.4375,94.3125,242.75,0.2333984,-0.2084961,0.04785156,-0.01513672,0.2348633,-0.1904297
2786,-39.625,101.9375,238.5625,-0.262207,-0.1459961,0.04052734,0,0.2373047,-0.1889648
2790,-46.6875,79.5625,213.0625,-0.8354492,0.01269531,-0.01318359,0.02734375,0.2373047,-0.1865234
2794,-55.4375,56.125,160.1875,-1.044922,-0.06054688,0.02490234,0.04638672,0.2387695,-0.1796875
2798,-69.4375,17.9375,118.6875,-1.397461,-0.2275391,-0.05908203,0.05566406,0.2373047,-0.175293
2802,-61,-22.875,88,-1.595215,-0.534668,-0.1743164,0.06396484,0.2387695,-0.1713867
2806,-31.625,-47.8125,55.9375,-1.490234,-0.6435547,-0.2016602,0.06982422,0.2397461,-0.1674805
2810,-3,-34.875,11.875,-1.219238,-0.6123047,-0.1591797,0.07226563,0.2397461,-0.168457
2814,18.5625,3.5625,-38.75,-1.067871,-0.453125,-0.09375,0.06982422,0.2387695,-0.168457
2818,25.4375,26.5625,-89.9375,-1.12207,-0.4179688,-0.08203125,0.06640625,0.2387695,-0.1674805
2822,34.1875,20.75,-125.9375,-1.11084,-0.4296875,-0.07080078,0.06152344,0.2397461,-0.1699219
2826,37,6.25,-160.625,-0.9633789,-0.3676758,-0.04394531,0.05078125,0.2426758,-0.1738281
2830,42.9375,-16.25,-183.9375,-0.7504883,-0.4414063,-0.05517578,0.03662109,0.2412109,-0.1767578
2834,53.0625,-31.875,-201.9375,-0.4091797,-0.3481445,0.01367188,0.0234375,0.2426758,-0.1782227
2838,49.3125,-21.6875,-226.8125,-0.002441406,-0.1499023,0.1210938,0.004394531,0.2397461,-0.1850586
2842,42,-15.375,-233.4375,0.1171875,-0.4101563,0.105957,-0.01757813,0.2373047,-0.1865234
2846,57.8125,-30.6875,-224.75,0.1870117,-0.4570313,0.1210938,-0.02929688,0.2348633,-0.1865234
2850,57.875,-41.75,-220.25,0.4658203,-0.2045898,0.2368164,-0.05078125,0.2299805,-0.1918945
2854,36.9375,-55.75,-233.625,0.6479492,-0.1308594,0.3637695,-0.06738281,0.2236328,-0.1943359
2858,29.6875,-48.0625,-228.1875,1.043457,-0.3134766,0.3481445,-0.08203125,0.2163086,-0.1943359
2862,32.875,-21.375,-216.6875,0.9931641,-0.4921875,0.2788086,-0.1030273,0.2099609,-0.1958008
2866,47.125,-15.5,-201.375,0.7915039,-0.421875,0.2636719,-0.1201172,0.2001953,-0.1972656
2870,42.1875,-37.5,-200.625,0.5551758,-0.02978516,0.3442383,-0.1293945,0.1938477,-0.199707
2874,19.0625,-56.6875,-217.875,0.7099609,0.0009765625,0.3095703,-0.1459961,0.1835938,-0.199707
2878,13.5625,-90.1875,-226.75,0.7915039,-0.2275391,0.2480469,-0.1640625,0.1713867,-0.1987305
2882,28.75,-89.25,-207.5625,1.171387,-0.3911133,0.1826172,-0.1757813,0.1635742,-0.1958008
2886,42.375,-54.875,-184.6875,1.26416,-0.09570313,0.2519531,-0.1923828,0.1499023,-0.1928711
2890,26.9375,-22.125,-192,1.027832,0.2299805,0.3364258,-0.2021484,0.1376953,-0.1904297
2894,4.5,-14.625,-217.125,0.7529297,0.1875,0.2519531,-0.2089844,0.1274414,-0.1918945
2898,11.5625,-53.25,-223.25,0.5629883,-0.08007813,0.1367188,-0.222168,0.1152344,-0.1904297
2902,31.8125,-95.3125,-208.375,0.7451172,-0.1577148,0.05566406,-0.2353516,0.09765625,-0.1850586
2906,57.5,-102.8125,-168.8125,1.0625,-0.1308594,0.03271484,-0.2426758,0.08740234,-0.1835938
2910,48.3125,-43.6875,-171.6875,1.341797,0.2924805,0.4633789,-0.2519531,0.07128906,-0.1767578
2915,-16.9375,63.0625,-226.625,1.279785,0.4125977,0.2094727,-0.2592773,0.05517578,-0.1782227
2919,21.875,56.9375,-232.375,0.6557617,0.04736328,0.1826172,-0.2592773,0.04394531,-0.1821289
2923,36.5625,17.8125,-221.125,0.6328125,0.3349609,0.1171875,-0.2626953,0.02246094,-0.1850586
2927,54.125,-16.1875,-196.5,0.6557617,0.1796875,0.03271484,-0.2651367,0.002441406,-0.1889648
2931,71,-24.75,-192.125,1.059082,0.9956055,0.3671875,-0.2675781,-0.009277344,-0.1865234
2935,22.75,33.375,-244.3125,1.140137,1.015137,0.2250977,-0.2700195,-0.02929688,-0.1889648
2939,48.1875,27.625,-245.125,0.7451172,0.3740234,0.1943359,-0.2675781,-0.05175781,-0.1918945
2943,80.5625,0.75,-229.6875,0.7099609,0.6342773,0.1210938,-0.2661133,-0.06689453,-0.1889648
2947,102.8125,-27.625,-214.5625,0.5820313,0.6225586,0.04443359,-0.2636719,-0.09082031,-0.1904297
2951,128.1875,-59.3125,-198.3125,0.6831055,0.9682617,0.07519531,-0.2626953,-0.1118164,-0.1865234
2955,138.3125,-60.9375,-207.625,0.9892578,1.275391,0.1557617,-0.2617188,-0.1293945,-0.1821289
2959,130,-18.5,-255,1.275879,1.566895,0.2675781,-0.2578125,-0.1533203,-0.1738281
2963,112.9375,17.0625,-287.25,1.22168,1.461914,0.2788086,-0.2460938,-0.1806641,-0.1699219
2967,120.125,12.625,-279.5,1.121094,1.174316,0.2211914,-0.2387695,-0.2006836,-0.1660156
2971,128.5625,-28.625,-246.3125,0.9697266,1.174316,0.02099609,-0.2270508,-0.2255859,-0.1616211
2975,135.75,-85.6875,-213.875,1.128418,1.04248,-0.07861328,-0.2163086,-0.2456055,-0.1494141
2979,130.625,-112.625,-216.25,1.620605,1.523926,0.144043,-0.2089844,-0.2583008,-0.1401367
2983,66.75,-80.9375,-231.9375,2.124512,1.714355,0.3789063,-0.199707,-0.2783203,-0.1264648
2987,5.9375,-42.3125,-178.625,2.213379,1.228516,0.375,-0.1865234,-0.2944336,-0.1210938
2991,-21.625,-19.875,-59.3125,2.178711,0.7666016,0.3056641,-0.1806641,-0.2993164,-0.1210938
2995,-19.6875,-4.5,30.9375,2.004395,0.4711914,0.2402344,-0.1782227,-0.3017578,-0.1196289
2999,-5.875,12.3125,58.875,1.845703,0.5253906,0.2211914,-0.1816406,-0.2954102,-0.1235352
3003,-8.125,24.3125,59.9375,1.678711,0.7314453,0.3017578,-0.1855469,-0.2954102,-0.1225586
3007,-23,21.5,68.375,1.531738,0.7817383,0.375,-0.1889648,-0.2895508,-0.125
3011,-35.5,5,100.8125,1.523926,0.7856445,0.3979492,-0.1938477,-0.2866211,-0.1279297
3015,-44,-5.75,150,1.605469,0.8012695,0.3789063,-0.199707,-0.2792969,-0.1303711
3019,-46.5625,3.9375,185.9375,1.620605,0.890625,0.3520508,-0.2089844,-0.265625,-0.1333008
3023,-54.0625,20.4375,200.125,1.582031,1.077148,0.3095703,-0.2211914,-0.2519531,-0.1347656
3027,-67.8125,39.25,196.25,1.543457,1.197754,0.2905273,-0.2280273,-0.2407227,-0.1386719
3031,-75.75,59.4375,194.5625,1.566406,1.12793,0.2368164,-0.2363281,-0.2246094,-0.1455078
3035,-76,62.5,217.1875,1.403809,1.124023,0.140625,-0.2436523,-0.2016602,-0.1538086
3039,-78.25,30.625,257.9375,1.202148,1.13916,0.09814453,-0.2485352,-0.1904297,-0.1606445
3044,-74.6875,-6.5625,284.5625,1.330078,1.182129,0.159668,-0.2578125,-0.1655273,-0.1630859
3048,-80.0625,6.3125,277.3125,1.736816,1.376465,0.2133789,-0.2651367,-0.1381836,-0.1660156
3052,-80.0625,58.8125,264.9375,1.868652,1.13916,0.1367188,-0.2724609,-0.1206055,-0.1660156
3056,-61.0625,93.3125,270.625,1.612793,1.04248,0.03271484,-0.2724609,-0.09423828,-0.1738281
3060,-52.5,82.625,295.8125,1.275879,1.17041,0.04443359,-0.2709961,-0.06835938,-0.1806641
3064,-69.375,36.125,309,1.109375,1.364746,0.08251953,-0.2700195,-0.04931641,-0.1850586
3068,-83,-7,329.125,1.16748,1.100586,0.09033203,-0.2700195,-0.02050781,-0.1865234
3072,-79.25,-1.375,327.0625,1.477539,0.8286133,0.09423828,-0.2661133,0.01123047,-0.1850586
3076,-60.1875,45.625,304.25,1.535645,0.6884766,0.07519531,-0.2617188,0.03271484,-0.1835938
3080,-39.5625,79.5,290.125,1.361328,0.6616211,0.009765625,-0.2519531,0.05859375,-0.1865234
3084,-35.9375,69.5,307,1.078125,0.7509766,0.009765625,-0.2402344,0.08105469,-0.1889648
3088,-41.25,31.3125,329.125,0.9970703,0.7119141,0.06347656,-0.2304688,0.09765625,-0.1928711
3092,-47.4375,26.125,335.625,1.144043,0.6342773,0.04443359,-0.2138672,0.1225586,-0.1918945
3096,-33.9375,65.0625,324.8125,1.248535,0.3623047,0.02099609,-0.1948242,0.1459961,-0.1918945
3100,-15.1875,124.125,296.6875,1.13623,0.4243164,-0.01660156,-0.1791992,0.1586914,-0.1943359
3104,-18.75,144.25,276.3125,0.6674805,0.5722656,-0.01318359,-0.1542969,0.1748047,-0.199707
3108,-29.625,105.1875,294.8125,0.4233398,0.3505859,-0.005371094,-0.1303711,0.1875,-0.2041016
3112,-23.8125,73.0625,312.375,0.5048828,0.2226563,0.04443359,-0.1152344,0.1948242,-0.206543
3116,-24.4375,82.3125,300.8125,0.6289063,0.253418,0.05175781,-0.08886719,0.2084961,-0.2080078
3120,-28.625,110.25,279.25,0.6401367,0.140625,0.05957031,-0.05908203,0.2148438,-0.2094727
3124,-18.4375,147.375,265.75,0.4116211,-0.01416016,-0.04394531,-0.04248047,0.2211914,-0.2080078
3128,-16.625,129.0625,269.5625,-0.2192383,0.06689453,-0.04003906,-0.01269531,0.2226563,-0.2094727
3132,-26.8125,88.3125,273,-0.4326172,0.1601563,0.02099609,0.01416016,0.2236328,-0.206543
3136,-48.125,55.25,260.125,-0.5644531,0.1098633,0.03271484,0.03320313,0.2226563,-0.2080078
3140,-55.875,55.75,218.9375,-0.6186523,-0.01416016,0.02880859,0.05712891,0.2211914,-0.2026367
3144,-54.3125,58.125,176.0625,-0.8935547,-0.2353516,-0.07080078,0.07470703,0.2197266,-0.1987305
3148,-42.625,41,152.8125,-1.246094,-0.3095703,-0.112793,0.08789063,0.21875,-0.1928711
3152,-31.5,11.5625,127.25,-1.40918,-0.3173828,-0.1206055,0.1010742,0.2163086,-0.1918945
3156,-20.875,-12.875,90.5,-1.57959,-0.3520508,-0.1206055,0.1103516,0.2138672,-0.1875
3160,-5,-21.9375,34.0625,-1.424316,-0.355957,-0.05517578,0.1142578,0.2138672,-0.1865234
3164,2.625,-2.4375,-32.8125,-1.277344,-0.2744141,-0.009277344,0.1142578,0.2099609,-0.1875
3168,7.1875,8.0625,-90.875,-1.230957,-0.3637695,0.02490234,0.1103516,0.2124023,-0.1875
3173,14.125,-4.6875,-123.0625,-1.137695,-0.4375,0.009765625,0.1020508,0.2148438,-0.1904297
3177,22.375,-30.8125,-138.125,-0.9326172,-0.5268555,0.01708984,0.09521484,0.21875,-0.1875
3181,33.5,-50.0625,-145.625,-0.6572266,-0.5151367,0.02099609,0.08056641,0.2211914,-0.1943359
3185,32.3125,-44.9375,-171.75,-0.4130859,-0.3095703,0.1098633,0.06982422,0.2226563,-0.1943359
3189,22.625,-33.625,-205.3125,-0.2543945,-0.3056641,0.159668,0.05322266,0.2250977,-0.1987305
3193,20.5625,-33.625,-223.9375,-0.1533203,-0.4140625,0.1289063,0.03320313,0.2285156,-0.199707
3197,27.3125,-46.875,-218.3125,-0.006347656,-0.4882813,0.09423828,0.01904297,0.2285156,-0.2011719
3201,38.875,-60.8125,-200.8125,0.06689453,-0.534668,0.09814453,-0.0009765625,0.2285156,-0.2026367
3205,53,-74.25,-195.6875,0.2255859,-0.3833008,0.1787109,-0.02001953,0.2250977,-0.2055664
3209,35.5,-62.25,-218,0.4155273,-0.01806641,0.3017578,-0.03417969,0.2211914,-0.206543
3213,14.8125,-44.1875,-239.1875,0.4775391,-0.2353516,0.2402344,-0.05322266,0.2163086,-0.206543
3217,30.9375,-35.75,-242.625,0.5087891,-0.484375,0.1674805,-0.07470703,0.2124023,-0.2094727
3221,56.125,-45.4375,-227.1875,0.3339844,-0.421875,0.1289063,-0.08642578,0.2050781,-0.2109375
3225,60.75,-92,-219.0625,0.5009766,0.03222656,0.3017578,-0.1069336,0.1948242,-0.2148438
3229,15.6875,-78.5,-237.1875,0.9697266,0.3857422,0.390625,-0.1269531,0.1850586,-0.2133789
3233,-4.25,-33.375,-269.9375,1.012207,-0.09960938,0.2368164,-0.1401367,0.1772461,-0.2080078
3237,29.375,10.5,-289.0625,0.9077148,-0.4101563,0.144043,-0.1601563,0.1660156,-0.2094727
3241,67.9375,28.875,-271.8125,0.690918,-0.2626953,0.1289063,-0.1733398,0.1474609,-0.2094727
3245,78.0625,-33.9375,-260.5,0.1518555,0.2729492,0.1865234,-0.1816406,0.1323242,-0.2133789
3249,50.1875,-102.0625,-260.625,0.4233398,0.6147461,0.2709961,-0.1972656,0.1137695,-0.2148438
3253,7.0625,-127.125,-286.75,0.9775391,0.5913086,0.2597656,-0.2163086,0.09619141,-0.2080078
3257,19,-107,-277.375,1.43457,0.1757813,0.2172852,-0.2280273,0.08251953,-0.2041016
3261,49,-54.4375,-244.25,1.674805,0.07861328,0.2211914,-0.2426758,0.06396484,-0.1943359
3265,74.6875,4.5,-211.5,1.484863,0.300293,0.2402344,-0.2495117,0.04150391,-0.1987305
3269,63.75,49.6875,-223.375,1.101563,0.8632813,0.2749023,-0.2519531,0.02734375,-0.2011719
3273,40.375,18.5,-243.8125,0.3730469,0.7001953,0.1367188,-0.2519531,0.008789063,-0.2055664
3277,55.5,-92.125,-243.3125,0.3535156,0.6264648,0.09423828,-0.2578125,-0.01464844,-0.2055664
3281,59.1875,-154.25,-225.1875,1.089844,0.8051758,0.09033203,-0.2602539,-0.02685547,-0.1958008
3285,68.5625,-149.1875,-199.75,1.535645,0.6381836,0.06738281,-0.2700195,-0.04931641,-0.1865234
3289,76.3125,-101.8125,-200.375,1.853027,1.275391,0.2866211,-0.2758789,-0.07080078,-0.1767578
3293,24.0625,-21.1875,-221.4375,1.826172,1.403809,0.1982422,-0.2744141,-0.08203125,-0.1699219
3297,16.75,3.6875,-211.4375,1.26416,0.7119141,0.09033203,-0.2744141,-0.1020508,-0.1699219
3302,45.75,-15.5,-193.4375,0.9350586,0.6420898,-0.05126953,-0.2700195,-0.1220703,-0.168457
3306,68.5625,-40.9375,-181.75,0.8457031,0.6694336,-0.08203125,-0.2675781,-0.1342773,-0.1674805
3310,91.1875,-55.5625,-186.5625,0.9736328,0.8671875,0.03662109,-0.2636719,-0.1533203,-0.1606445
3314,79.75,-29.25,-213.8125,1.237305,1.279297,0.2094727,-0.2592773,-0.1733398,-0.15625
3318,60.25,-0.9375,-227,1.182617,1.061523,0.2749023,-0.2543945,-0.1870117,-0.1538086
3322,69.0625,-3,-215.75,1.039551,0.9101563,0.2827148,-0.2446289,-0.2080078,-0.1494141
3326,78.6875,-17.5,-197.1875,1.016113,0.90625,0.2788086,-0.2353516,-0.2270508,-0.1469727
3330,92.8125,-40.625,-177.5625,1.02002,0.7973633,0.1826172,-0.2294922,-0.2382813,-0.1425781
3334,112.6875,-68.625,-157.125,1.05127,0.793457,0.03662109,-0.2197266,-0.2529297,-0.1318359
3338,114.1875,-74.75,-157.5,1.388184,1.213379,0.1787109,-0.215332,-0.2670898,-0.1210938
3342,75.8125,-44.25,-164.125,1.624512,1.418945,0.3212891,-0.2080078,-0.2807617,-0.112793
3346,22.6875,-19.6875,-146.1875,1.666992,1.32959,0.355957,-0.1972656,-0.2905273,-0.1074219
3350,-17.125,-18.3125,-91.125,1.659668,1.06543,0.2441406,-0.1889648,-0.2983398,-0.1044922
3354,-38.5,-32.625,-17.875,1.709961,0.7705078,0.1367188,-0.1855469,-0.2993164,-0.105957
3358,-32,-30.375,30.5,1.822266,0.5839844,0.02490234,-0.1865234,-0.2993164,-0.105957
3362,-16.375,-13.0625,59.375,1.787598,0.5292969,-0.02050781,-0.1889648,-0.2954102,-0.1088867
3366,-1.5,7.875,82.625,1.740723,0.6655273,0.02490234,-0.1938477,-0.2944336,-0.1074219
3370,-0.0625,30.6875,102.125,1.628418,0.824707,0.08642578,-0.199707,-0.2856445,-0.1098633
3374,-7.5625,38.9375,123.5,1.461914,0.9682617,0.09033203,-0.2055664,-0.2807617,-0.1098633
3378,-21.0625,34.0625,137.625,1.403809,1.166504,0.125,-0.2089844,-0.2729492,-0.1098633
3382,-44,18,156.8125,1.310547,1.205566,0.07910156,-0.21875,-0.2631836,-0.1166992
3386,-51.6875,-12.3125,192.1875,1.275879,1.069336,0.03271484,-0.2280273,-0.2504883,-0.1166992
3390,-45.3125,-29.375,224.75,1.492676,1.034668,-0.01318359,-0.237793,-0.2392578,-0.1196289
3394,-30.5,-15.25,249.3125,1.651855,1.026855,-0.04003906,-0.2519531,-0.2192383,-0.1196289
3398,-16.6875,17.1875,258.5,1.72168,1.189941,-0.009277344,-0.2626953,-0.1967773,-0.1210938
3402,-20.25,54.6875,257.4375,1.69043,1.39209,0.001953125,-0.2709961,-0.1831055,-0.1225586
3406,-37,88.875,261.1875,1.589844,1.504395,0.009765625,-0.2783203,-0.1606445,-0.1264648
3410,-53.625,98.6875,278.625,1.314453,1.356934,-0.04394531,-0.2817383,-0.1342773,-0.1386719
3414,-53,83.875,294.5625,1.155762,1.232422,-0.1015625,-0.2841797,-0.1157227,-0.1425781
3418,-45.625,63.625,298.5,1.121094,1.13916,-0.06298828,-0.2851563,-0.08691406,-0.1538086
3422,-39.5625,54.375,295.1875,1.217773,1.09668,-0.05908203,-0.2875977,-0.05957031,-0.1577148
3426,-35.75,53.6875,288,1.279785,1.092773,-0.005371094,-0.2851563,-0.04199219,-0.1591797
3431,-44.25,69.5625,282.8125,1.442383,1.162598,0.02490234,-0.2807617,-0.015625,-0.1630859
3435,-56.125,80.25,288.5,1.357422,0.9296875,-0.03222656,-0.2758789,0.01123047,-0.1674805
3439,-43.8125,87.5,309.9375,1.384277,0.7119141,-0.05126953,-0.2700195,0.02880859,-0.1699219
3443,-29.75,99,324.3125,1.229492,0.6884766,-0.1054688,-0.2578125,0.05615234,-0.1767578
3447,-18.5,76.75,329.4375,1.027832,0.6884766,-0.05908203,-0.2426758,0.08251953,-0.1835938
3451,-22.5625,70.6875,327.4375,1.159668,0.7895508,-0.001464844,-0.2329102,0.09863281,-0.1835938
3455,-33.5625,83.3125,329.5625,1.155762,0.5952148,-0.005371094,-0.215332,0.1210938,-0.1904297
3459,-26.875,118.375,325.0625,1.171387,0.4516602,-0.05908203,-0.1948242,0.1450195,-0.1928711
3463,-16.125,152.8125,333.0625,0.9853516,0.3740234,-0.1166992,-0.1782227,0.1577148,-0.1987305
3467,-11.5,173.5625,320.25,0.8110352,0.5488281,-0.06298828,-0.1494141,0.1772461,-0.206543
3471,-22.8125,172.625,313.3125,0.5048828,0.4516602,-0.05908203,-0.1176758,0.1914063,-0.2148438
3475,-35.0625,149.375,318.3125,0.3417969,0.4243164,0.01708984,-0.09716797,0.1987305,-0.2177734
3479,-46.5625,139.875,313.875,0.2177734,0.2768555,-0.02441406,-0.06494141,0.2075195,-0.2148438
3483,-46.625,119.375,297.375,0.02441406,0.1293945,-0.02050781,-0.03320313,0.2148438,-0.2177734
3487,-45.9375,108.875,288.5,-0.03710938,0.1333008,-0.005371094,-0.01513672,0.2163086,-0.2163086
3491,-55.875,88,278.5,-0.3125,0.09423828,0.01708984,0.01513672,0.2197266,-0.2133789
3495,-60.5,74.625,267.5,-0.4829102,0.01660156,-0.01318359,0.04150391,0.2211914,-0.2080078
3499,-62.875,61.0625,239.875,-0.6342773,0.0009765625,0.005859375,0.05712891,0.2197266,-0.2026367
3503,-59.5,52.125,205.5,-0.9365234,-0.1347656,-0.03222656,0.08056641,0.2172852,-0.1987305
3507,-58.6875,32.125,177.875,-1.339355,-0.2241211,-0.112793,0.09619141,0.2148438,-0.1918945
3511,-47.75,9.3125,143.5,-1.575684,-0.2587891,-0.128418,0.105957,0.2138672,-0.1889648
3515,-36.3125,-13.5625,95.6875,-1.839355,-0.3208008,-0.2207031,0.1176758,0.2114258,-0.1875
3519,-11.0625,-22.5,18.25,-1.727051,-0.3911133,-0.1743164,0.1225586,0.2084961,-0.1865234
3523,7.4375,-7,-57.4375,-1.475098,-0.2900391,-0.1015625,0.1201172,0.2099609,-0.1875
3527,13.375,4.625,-116.8125,-1.308105,-0.3173828,-0.05908203,0.1152344,0.2124023,-0.1835938
3531,23.1875,-7.3125,-147.5,-1.172852,-0.4067383,-0.05908203,0.105957,0.2148438,-0.1889648
3535,34,-29.9375,-160.4375,-0.9477539,-0.4257813,-0.05126953,0.09619141,0.2197266,-0.1904297
3539,47,-38.9375,-175.6875,-0.6728516,-0.4414063,-0.04736328,0.08056641,0.2211914,-0.1928711
3543,58,-30.375,-203.25,-0.4248047,-0.2353516,0.04052734,0.06542969,0.2236328,-0.1972656
3547,51.125,-17.5,-238.0625,-0.3164063,-0.1347656,0.08642578,0.04980469,0.2250977,-0.199707
3551,44.125,-21.9375,-257.875,-0.2851563,-0.1616211,0.08251953,0.03076172,0.2260742,-0.206543
3555,47.9375,-49.3125,-256.8125,-0.1650391,-0.2861328,0.06347656,0.008300781,0.2250977,-0.206543
3560,58,-81.4375,-234.75,0.008789063,-0.3325195,0.03271484,-0.006835938,0.2211914,-0.2080078
3564,77.6875,-105.375,-223.875,0.2875977,-0.2124023,0.1479492,-0.03076172,0.2172852,-0.2109375
3568,64.8125,-81.625,-250.25,0.7954102,0.2885742,0.3251953,-0.05419922,0.2099609,-0.2177734
3572,29.4375,-39.75,-280.625,0.7758789,0.2299805,0.3056641,-0.06982422,0.2050781,-0.2177734
3576,36.375,-41.1875,-274.875,0.659668,-0.2783203,0.2250977,-0.09130859,0.1948242,-0.2216797
3580,60.5,-69.625,-241.375,0.527832,-0.3481445,0.125,-0.112793,0.1835938,-0.21875
3584,86.1875,-104.1875,-207.6875,0.6132813,-0.1850586,0.105957,-0.128418,0.1762695,-0.21875
3588,81.3125,-106.75,-220.375,0.8842773,0.6225586,0.425293,-0.1450195,0.1635742,-0.2216797
3592,9.5625,-79.1875,-284.375,1.023926,0.7353516,0.3251953,-0.1650391,0.1450195,-0.2177734
3596,9.8125,-78.0625,-306.4375,0.8769531,-0.04541016,0.2021484,-0.1782227,0.1362305,-0.2163086
3600,48.375,-102.25,-301.875,1.035645,-0.04541016,0.07519531,-0.199707,0.1176758,-0.2148438
3604,79.25,-104.4375,-263.9375,1.132324,-0.07617188,0.001953125,-0.2172852,0.09619141,-0.2109375
3608,114.75,-121,-231.4375,1.124512,0.3310547,0.1328125,-0.2255859,0.08251953,-0.206543
3612,76.5625,-97.4375,-241.4375,1.399902,1.232422,0.3173828,-0.2387695,0.06103516,-0.2026367
3616,-4.25,-74.875,-264.5625,1.124512,1.022949,0.2094727,-0.2495117,0.03759766,-0.1972656
3620,4.25,-104.9375,-264.375,1.000488,0.3193359,0.05566406,-0.2568359,0.02392578,-0.1918945
3624,36.5625,-127.9375,-239.6875,1.256348,0.2963867,-0.009277344,-0.2675781,0.004882813,-0.1850586
3628,70.625,-107.625,-208.3125,1.531738,0.2338867,-0.03613281,-0.2734375,-0.01708984,-0.1738281
3632,95.375,-58.9375,-195.8125,1.69043,0.6655273,0.1098633,-0.2783203,-0.03076172,-0.168457
3636,72.9375,14.8125,-208.5625,1.63623,1.150879,0.1982422,-0.2807617,-0.0546875,-0.1660156
3640,39.4375,42.6875,-222.8125,1.043457,0.8867188,0.09033203,-0.2768555,-0.07568359,-0.1699219
3644,48.625,-6.625,-217.625,0.6635742,0.6459961,0.01708984,-0.2758789,-0.08935547,-0.1713867
3648,70.125,-68.75,-200.625,0.8378906,0.6772461,-0.001464844,-0.2724609,-0.109375,-0.1713867
3652,86.6875,-92.0625,-182.1875,1.074219,0.7119141,-0.05517578,-0.2709961,-0.1293945,-0.1616211
3656,104.4375,-86.3125,-177.25,1.330078,0.9179688,0.04052734,-0.2724609,-0.1430664,-0.1547852
3660,90.875,-38.3125,-191.5,1.395996,1.213379,0.07128906,-0.2675781,-0.1621094,-0.1469727
3664,73.125,-3.5625,-204.5625,1.078125,1.081055,0.05957031,-0.2626953,-0.1821289,-0.1425781
3668,75.3125,-26.75,-202.0625,0.6289063,0.987793,-0.01660156,-0.2568359,-0.1933594,-0.1416016
3672,86.1875,-97.0625,-189,0.4116211,1.007324,-0.07861328,-0.2495117,-0.2128906,-0.1318359
3676,95,-177.3125,-180.875,0.5898438,1.182129,-0.1401367,-0.2446289,-0.2304688,-0.1181641
3680,82.5,-216.0625,-187.125,1.039551,1.438477,-0.2016602,-0.2412109,-0.2416992,-0.1044922
3684,49.5,-203.25,-211.375,1.496582,1.516113,-0.1054688,-0.234375,-0.2568359,-0.08447266
3689,9.3125,-154.0625,-231.875,1.899902,1.422852,-0.06298828,-0.2255859,-0.2744141,-0.06933594
3693,-16.5625,-99.8125,-213.4375,2.000488,1.124023,-0.04394531,-0.215332,-0.2832031,-0.0625
3697,-29,-75,-146.875,1.89209,0.8710938,-0.1054688,-0.2021484,-0.2983398,-0.05859375
3701,-33.75,-67.6875,-66.5625,1.841797,0.6845703,-0.1474609,-0.1962891,-0.3066406,-0.05566406
3705,-27.25,-46.125,-3.1875,1.880371,0.5952148,-0.1743164,-0.1923828,-0.3081055,-0.05566406
3709,-12.125,0.4375,20.1875,1.86084,0.5952148,-0.1669922,-0.1938477,-0.3066406,-0.05566406
3713,-5.875,55.3125,15.9375,1.72168,0.7080078,-0.1821289,-0.1948242,-0.3056641,-0.05566406
3717,-3.75,84.0625,18.9375,1.411621,0.6811523,-0.2207031,-0.1962891,-0.3056641,-0.05859375
3721,-1.1875,68.6875,40.5625,1.175293,0.7119141,-0.2089844,-0.1962891,-0.3041992,-0.06396484
3725,-1.5625,39.9375,67.4375,1.237305,0.8286133,-0.1552734,-0.199707,-0.2993164,-0.07080078
3729,-7.125,30.125,93.375,1.43457,0.9257813,-0.1054688,-0.203125,-0.2954102,-0.07324219
3733,-13.4375,36.4375,119.4375,1.512207,1.01123,-0.09765625,-0.2089844,-0.2905273,-0.07470703
3737,-18.5,43.375,142.9375,1.527832,1.088867,-0.1206055,-0.21875,-0.2817383,-0.07763672
3741,-24.9375,45.75,168.75,1.492676,1.178223,-0.1630859,-0.2211914,-0.2705078,-0.08007813
3745,-25.5625,47.8125,189.3125,1.566406,1.154785,-0.1899414,-0.2319336,-0.2583008,-0.08691406
3749,-18.4375,61.5,206.625,1.628418,1.255859,-0.2207031,-0.2436523,-0.2431641,-0.09082031
3753,-18.4375,71.625,228.8125,1.612793,1.32959,-0.2246094,-0.2509766,-0.2329102,-0.09521484
3757,-24.0625,69.75,260.625,1.46582,1.46582,-0.2397461,-0.2617188,-0.2128906,-0.1005859
3761,-37.0625,64.875,283.0625,1.481445,1.539551,-0.2397461,-0.2700195,-0.1904297,-0.1074219
3765,-41.625,73.5,295.75,1.535645,1.388184,-0.2475586,-0.2783203,-0.1704102,-0.1098633
3769,-31.25,94.75,299.25,1.543457,1.325684,-0.2324219,-0.2841797,-0.1445313,-0.1196289
3773,-27.875,108.5625,294.5,1.395996,1.450195,-0.2592773,-0.2890625,-0.1166992,-0.1279297
3777,-31.4375,94.125,300.5,1.287598,1.321777,-0.2475586,-0.2915039,-0.09814453,-0.1357422
3781,-27,71.875,322.8125,1.341797,1.186035,-0.2514648,-0.2900391,-0.07080078,-0.1425781
3785,-21,78.25,338.9375,1.570313,1.154785,-0.1435547,-0.2900391,-0.03808594,-0.1469727
3789,-26.75,122,336.25,1.597656,1.189941,-0.1513672,-0.2875977,-0.01806641,-0.1523438
3793,-22.8125,164.375,322.9375,1.403809,0.972168,-0.2089844,-0.2783203,0.01367188,-0.1630859
3797,-18.125,171.75,316.4375,0.9970703,1.015137,-0.2822266,-0.2651367,0.04003906,-0.1767578
3801,-19.0625,137.3125,328.25,0.8613281,0.8208008,-0.1938477,-0.253418,0.05615234,-0.1835938
3805,-18.0625,105.875,348.8125,0.9038086,0.7041016,-0.1977539,-0.2363281,0.08105469,-0.1928711
3809,-8.375,112.9375,357.1875,1.140137,0.6733398,-0.1552734,-0.21875,0.1074219,-0.199707
3813,-2.25,152.9375,338.6875,1.202148,0.7080078,-0.1513672,-0.2045898,0.1225586,-0.2055664
3818,-10.6875,182,313.5,0.9389648,0.7197266,-0.1513672,-0.1782227,0.1411133,-0.2148438
3822,-13.1875,186.875,317.75,0.7568359,0.5058594,-0.1669922,-0.1494141,0.1586914,-0.2231445
3826,-14.375,183.75,324.9375,0.6635742,0.4946289,-0.1015625,-0.1293945,0.1674805,-0.2299805
3830,-23.8125,184.9375,340.875,0.4116211,0.5371094,-0.112793,-0.09863281,0.1801758,-0.2353516
3834,-32,161.5,322.5625,0.09033203,0.4829102,-0.02441406,-0.06152344,0.1899414,-0.2407227
3838,-52.5,133.5,286.25,0.01269531,0.5449219,0.07128906,-0.04248047,0.1948242,-0.2392578
3842,-73.3125,117.8125,273.125,0.04345703,0.2456055,0.03662109,-0.01269531,0.2026367,-0.2353516
3846,-68.625,114.9375,272.1875,0.05126953,-0.006347656,-0.01660156,0.01513672,0.2060547,-0.230957
3850,-64.875,85.625,284.625,-0.4208984,-0.05273438,-0.05126953,0.03417969,0.2050781,-0.2299805
3854,-67.5,42.875,298.375,-0.4365234,0.08642578,0.06347656,0.05957031,0.2075195,-0.2246094
3858,-81.0625,23,295.8125,-0.4326172,0.1137695,0.1289063,0.08544922,0.2036133,-0.2177734
3862,-96,69.1875,266.5,-0.4208984,0.1254883,0.06347656,0.1010742,0.2001953,-0.2119141
3866,-92.3125,113.875,214.375,-1.215332,-0.1577148,-0.128418,0.125,0.1962891,-0.2041016
3870,-59.8125,88.5,157.9375,-2.098633,-0.387207,-0.2822266,0.1450195,0.1923828,-0.1943359
3874,-21.1875,27.6875,102.75,-2.494141,-0.3754883,-0.309082,0.1557617,0.1875,-0.1904297
3878,6.125,-21.5625,25.75,-2.276855,-0.1889648,-0.1938477,0.1616211,0.1835938,-0.1865234
3882,10.8125,-36.6875,-55.625,-1.746094,-0.07226563,-0.009277344,0.1591797,0.1826172,-0.1889648
3886,1.875,-37.3125,-119.6875,-1.385742,-0.1347656,0.08251953,0.1533203,0.1875,-0.1918945
3890,2.3125,-48.125,-158.5,-1.029297,-0.3442383,0.1210938,0.1416016,0.1938477,-0.1928711
3894,10.4375,-51.375,-178.4375,-0.6147461,-0.4375,0.144043,0.1269531,0.2011719,-0.1928711
3898,17.125,-40.125,-177.25,-0.378418,-0.5268555,0.105957,0.1166992,0.2060547,-0.1972656
3902,33.3125,-23.8125,-169.625,-0.3549805,-0.534668,0.07519531,0.1010742,0.2084961,-0.1972656
3906,38.75,-20.375,-180.5,-0.4946289,-0.3134766,0.1210938,0.08691406,0.2138672,-0.2026367
3910,24.9375,-26.4375,-217,-0.5566406,-0.1538086,0.1713867,0.07470703,0.2148438,-0.2041016
3914,11.75,-57.8125,-252.25,-0.4130859,-0.2124023,0.1943359,0.0546875,0.2211914,-0.2055664
3918,5.0625,-79.25,-253.1875,0.05908203,-0.3173828,0.144043,0.03173828,0.2226563,-0.206543
3922,13.6875,-71.625,-237.5,0.4194336,-0.4453125,0.1020508,0.01416016,0.2236328,-0.206543
3926,41.5625,-43.6875,-219.3125,0.609375,-0.5776367,0.105957,-0.006835938,0.2236328,-0.2080078
3930,58.6875,-16.3125,-224.125,0.3959961,-0.2861328,0.1904297,-0.02832031,0.21875,-0.2109375
3934,46.6875,-30.6875,-243.75,0.1289063,-0.06054688,0.2749023,-0.0390625,0.2163086,-0.2133789
3938,23.75,-77.375,-257.5,0.2104492,-0.05273438,0.2905273,-0.06054688,0.2099609,-0.2163086
3942,10.75,-112.9375,-240.3125,0.6015625,-0.1928711,0.2329102,-0.08398438,0.2026367,-0.2133789
3947,20.375,-104.1875,-202.375,1.082031,-0.4257813,0.1787109,-0.09960938,0.1972656,-0.2119141
3951,39,-67.9375,-195.25,1.322266,-0.1230469,0.3789063,-0.1186523,0.1884766,-0.2109375
3955,17.1875,0.3125,-223.5625,1.477539,0.02441406,0.390625,-0.1342773,0.1811523,-0.2109375
3959,12.5625,25.25,-229.9375,0.7719727,-0.3017578,0.2519531,-0.1435547,0.1723633,-0.2094727
3963,36.4375,-21.875,-225.375,0.4541016,-0.3989258,0.1748047,-0.1567383,0.1625977,-0.2133789
3967,35.5625,-96.25,-210.9375,0.2294922,-0.01025391,0.1210938,-0.1723633,0.1489258,-0.2133789
3971,21.5625,-162.3125,-198.5625,0.8769531,0.2573242,0.2519531,-0.1831055,0.1386719,-0.2080078
3975,-10.375,-111.125,-221.125,1.616699,0.2924805,0.3095703,-0.203125,0.1264648,-0.2026367
3979,-12.375,-22.25,-246.0625,1.426758,-0.09570313,0.1674805,-0.2163086,0.1123047,-0.1943359
3983,32.0625,9.625,-245.4375,0.9541016,-0.2666016,0.1171875,-0.2255859,0.1000977,-0.1943359
3987,56,-19.375,-213.625,0.4233398,0.1176758,0.05957031,-0.234375,0.08398438,-0.1987305
3991,45.1875,-129.25,-187.3125,0.05517578,0.5878906,0.07519531,-0.2426758,0.06494141,-0.1943359
3995,0.875,-184.25,-227.375,1.0625,1.061523,0.2021484,-0.2519531,0.05615234,-0.1875
3999,-40.3125,-126.75,-270.1875,1.725586,0.6923828,0.1518555,-0.2651367,0.03613281,-0.1738281
4003,-22.6875,-58.375,-274.1875,1.539551,0.269043,0.1020508,-0.2744141,0.01611328,-0.1674805
4007,8.25,-39.125,-250.375,1.225586,0.3041992,0.06738281,-0.2792969,0,-0.1630859
4011,28.6875,-48.4375,-215.375,0.8691406,0.4477539,-0.01660156,-0.2827148,-0.02050781,-0.1606445
4015,42.3125,-91.8125,-221.875,0.8535156,0.793457,0.02099609,-0.2851563,-0.04052734,-0.1547852
4019,23.8125,-75.1875,-262,1.558594,1.131836,0.1557617,-0.2890625,-0.05566406,-0.1494141
4023,16.625,-14.75,-277.5,1.787598,0.8286133,0.2094727,-0.2900391,-0.07958984,-0.144043
4027,37.4375,28.875,-268.75,1.543457,0.7509766,0.1713867,-0.2841797,-0.1069336,-0.1455078
4031,57.9375,31.4375,-249.125,1.16748,0.840332,0.144043,-0.2792969,-0.1245117,-0.144043
4035,66.1875,-10.4375,-219.5625,0.9501953,0.956543,0.1098633,-0.2724609,-0.1455078,-0.1455078
4039,68.4375,-43.0625,-211.625,1.198242,1.182129,0.1635742,-0.2675781,-0.1669922,-0.1416016
4043,47.75,-30.8125,-230.125,1.458008,1.287109,0.09814453,-0.2636719,-0.1821289,-0.1386719
4047,27.125,-14,-253.25,1.403809,1.193848,0.01367188,-0.2543945,-0.2045898,-0.1347656
